Workbook

Sheet SRC Q1 2026 winners
A1: Quarter | B1: Country key | C1: ASC Code | D1: ASC Name | E1: Engineer | F1: SVC Type | G1: SBA ID | H1: SSR | I1: REDO | J1: Chatbot | K1: HASS | L1: Acc Core Parts (VD) | M1: Training Attendance | N1: Linkage ratio | O1: Final Score
A2: Q1 | B2: EG | C2: 4969684 | D2: K-ELECTRONICS MARSA | E2: 7886002522 | F2: IH | G2: GSPN.shady_moustafa20 | H2: 1 | I2: 1 | J2: 0 | K2: 1 | L2: 0.5 | M2: 1 | N2: 1 | O2: 110
A3: Q1 | B3: EG | C3: 4969685 | D3: K-ELECTRONICS ELIBRA | E3: 7886002532 | F3: IH | G3: GSPN.emad_metry20 | H3: 1 | I3: 0 | J3: 1 | K3: 0.975 | L3: 0.125 | M3: 1 | N3: 1 | O3: 110
A4: Q1 | B4: EG | C4: 5933773 | D4: TIBA FOR TRADE AND M | E4: 7886002529 | F4: IH | G4: GSPN.AhmedShakerTiba | H4: 1 | I4: 1 | J4: 0 | K4: 1 | L4: 0 | M4: 1 | N4: 1 | O4: 110
A5: Q1 | B5: EG | C5: 4969685 | D5: K-ELECTRONICS ELIBRA | E5: 7886002535 | F5: PR | G5: GSPN.mohamed_saleh20 | H5: 1 | I5: 1 | J5: 0.333 | K5: 0 | L5: 0 | M5: 1 | N5: 1 | O5: 100
A6: Q1 | B6: EG | C6: 8396105 | D6: TO CONNECT SHOP/ | E6: 7886000919 | F6: IH | G6: GSPN.M.hussein2000 | H6: 1 | I6: 1 | J6: 0 | K6: 0 | L6: 0.11111111 | M6: 1 | N6: 1 | O6: 95
A7: Q1 | B7: EG | C7: 9203499 | D7: HI TECH FOR MAINTENA | E7: 7886001034 | F7: IH | G7: GSPN.HiAshrafZag010 | H7: 1 | I7: 1 | J7: 0 | K7: 0 | L7: 0 | M7: 1 | N7: 1 | O7: 95
A8: Q1 | B8: EG | C8: 9390474 | D8: EGYPTIAN MICRO SOLUT | E8: 7886002144 | F8: IH | G8: GSPN.elshayeb2021 | H8: 1 | I8: 1 | J8: 0 | K8: 0 | L8: 0 | M8: 1 | N8: 1 | O8: 95
A9: Q1 | B9: EG | C9: 2490932 | D9: ADEL CENTER BANI SUE | E9: 7886002061 | F9: IH | G9: GSPN.naderdiab2020 | H9: 1 | I9: 1 | J9: 0 | K9: 1 | L9: 0 | M9: 0 | N9: 1 | O9: 90
A10: Q1 | B10: EG | C10: 2490932 | D10: ADEL CENTER BANI SUE | E10: 7886002661 | F10: IH | G10: No SBA ID | H10: 1 | I10: 1 | J10: 0 | K10: 1 | L10: 0 | M10: No History | N10: 1 | O10: 90
A11: Q1 | B11: EG | C11: 4970875 | D11: ELECTRA ASSUIT/ | E11: 7886002673 | F11: IH | G11: GSPN.mahmoudgaber2023 | H11: 1 | I11: 1 | J11: 0 | K11: 1 | L11: 0 | M11: 0 | N11: 1 | O11: 90
A12: Q1 | B12: EG | C12: 4970875 | D12: ELECTRA ASSUIT/ | E12: 7886002844 | F12: IH | G12: GSPN.mmeneem2025 | H12: 1 | I12: 1 | J12: 0 | K12: 1 | L12: 0.058823529 | M12: 0 | N12: 1 | O12: 90
A13: Q1 | B13: EG | C13: 5797728 | D13: ELECTRA GIZA/ | E13: 7886002491 | F13: IH | G13: GSPN.WaelHassan | H13: 1 | I13: 1 | J13: 1 | K13: 0.92307692 | L13: 0 | M13: No History | N13: 1 | O13: 90
A14: Q1 | B14: EG | C14: 9203497 | D14: U TECH FOR SERVICE & | E14: 7886002470 | F14: IH | G14: GSPN.omar_wadye | H14: 1 | I14: 1 | J14: 0 | K14: 1 | L14: 0 | M14: No History | N14: 1 | O14: 90
A15: Q1 | B15: EG | C15: 9203501 | D15: RAMY EL TABIE ABDO G | E15: 7886002565 | F15: IH | G15: GSPN.Mostafahelaly24 | H15: 1 | I15: 1 | J15: 0 | K15: 1 | L15: 0 | M15: No History | N15: 1 | O15: 90
A16: Q1 | B16: EG | C16: 8351903 | D16: NANOTEC/ | E16: 7886000279 | F16: IH | G16: GSPN.nanotechesa1 | H16: 1 | I16: 1 | J16: 0 | K16: 1 | L16: 0 | M16: 0.5 | N16: 1 | O16: 85
A17: Q1 | B17: EG | C17: 1390788 | D17: ATS BE - GREAT CAIRO | E17: 7886002136 | F17: IH | G17: GSPN.asalem | H17: 1 | I17: 1 | J17: 0 | K17: 0 | L17: 0.2 | M17: 0.5 | N17: 1 | O17: 85
A18: Q1 | B18: EG | C18: 1390788 | D18: ATS BE - GREAT CAIRO | E18: 7886002360 | F18: PR | G18: GSPN.osamaf | H18: 1 | I18: 1 | J18: 0 | K18: 0 | L18: 0 | M18: 0.5 | N18: 1 | O18: 85
A19: Q1 | B19: EG | C19: 1390788 | D19: ATS BE - GREAT CAIRO | E19: 7886002410 | F19: PR | G19: GSPN.Soltans | H19: 1 | I19: 1 | J19: 0 | K19: 0 | L19: 0 | M19: 0.5 | N19: 1 | O19: 85
A20: Q1 | B20: EG | C20: 8351903 | D20: NANOTEC/ | E20: 7886001745 | F20: IH | G20: GSPN.aismaiel | H20: 1 | I20: 1 | J20: 0.667 | K20: 1 | L20: 0 | M20: No History | N20: 1 | O20: 85
A21: Q1 | B21: EG | C21: 8351903 | D21: NANOTEC/ | E21: 7886002009 | F21: IH | G21: GSPN.Mokhtarabdelrahim1 | H21: 1 | I21: 1 | J21: 0.667 | K21: 1 | L21: 0 | M21: 0 | N21: 1 | O21: 85
A22: Q1 | B22: EG | C22: 9372701 | D22: RAYA GIZA (HA)/ | E22: 7886002429 | F22: PR | G22: GSPN.HiDoharyZag011 | H22: 1 | I22: 1 | J22: 0.333 | K22: 1 | L22: 0 | M22: No History | N22: 1 | O22: 80
A23: Q1 | B23: EG | C23: 8351903 | D23: NANOTEC/ | E23: 7886002099 | F23: IH | G23: GSPN.KaremAV | H23: 1 | I23: 1 | J23: 0 | K23: 0 | L23: 0 | M23: 0.5 | N23: 1 | O23: 85
A24: Q1 | B24: EG | C24: 9203499 | D24: HI TECH FOR MAINTENA | E24: 7886002432 | F24: IH | G24: GSPN.HiShawkyZag | H24: 1 | I24: 1 | J24: 0.667 | K24: 0.85714286 | L24: 0 | M24: No History | N24: 1 | O24: 85
A25: Q1 | B25: EG | C25: 4162738 | D25: ELECTRA/ | E25: 7886002743 | F25: IH | G25: GSPN.AhmedEzzatZaki | H25: 1 | I25: 1 | J25: 0.333 | K25: 0.73684211 | L25: 0 | M25: No History | N25: 1 | O25: 78.003096
A26: Q1 | B26: EG | C26: 9203499 | D26: HI TECH FOR MAINTENA | E26: 7886001055 | F26: IH | G26: GSPN.HiRamdanZag | H26: 1 | I26: 1 | J26: 0.333 | K26: 0.66666667 | L26: 0 | M26: No History | N26: 1 | O26: 76.764706
A27: Q1 | B27: EG | C27: 9203507 | D27: ADEL MALAK TERIAK/ | E27: 7886000680 | F27: IH | G27: GSPN.MICHAELADEL | H27: 1 | I27: 0 | J27: 0 | K27: 1 | L27: 0 | M27: 0 | N27: 1 | O27: 75
A28: Q1 | B28: EG | C28: 1390788 | D28: ATS BE - GREAT CAIRO | E28: 7886002683 | F28: IH | G28: GSPN.gomaamohamed | H28: 1 | I28: 1 | J28: 0 | K28: 0 | L28: 0 | M28: No History | N28: 1 | O28: 75
A29: Q1 | B29: EG | C29: 2226596 | D29: TO CONNECT - NAG HAM | E29: 7886002401 | F29: IH | G29: GSPN.Mohamed_Hussein_2022 | H29: 1 | I29: 1 | J29: 0 | K29: 0 | L29: 0 | M29: 0 | N29: 1 | O29: 75
A30: Q1 | B30: EG | C30: 2278119 | D30: RAYA - MANSOURA/ | E30: 7886002386 | F30: IH | G30: GSPN.mostafa_attia01 | H30: 1 | I30: 1 | J30: 0 | K30: 0 | L30: 0.12820513 | M30: 0 | N30: 1 | O30: 75
A31: Q1 | B31: EG | C31: 2490932 | D31: ADEL CENTER BANI SUE | E31: 7886002660 | F31: IH | G31: No SBA ID | H31: 1 | I31: 1 | J31: 0 | K31: 0 | L31: 0 | M31: No History | N31: 1 | O31: 75
A32: Q1 | B32: EG | C32: 3489862 | D32: RAYA - GHARBEYA/ | E32: 7086001106 | F32: IH | G32: GSPN.loay_elabasy24 | H32: 1 | I32: 1 | J32: 0 | K32: 0 | L32: 0.11111111 | M32: No History | N32: 1 | O32: 75
A33: Q1 | B33: EG | C33: 4162738 | D33: ELECTRA/ | E33: 7886002670 | F33: IH | G33: No SBA ID | H33: 1 | I33: 1 | J33: 0 | K33: 0 | L33: 0 | M33: No History | N33: 1 | O33: 75
A34: Q1 | B34: EG | C34: 4162738 | D34: ELECTRA/ | E34: 7886002792 | F34: IH | G34: GSPN.TareKMAbuAKhair | H34: 1 | I34: 1 | J34: 0 | K34: 0 | L34: 0 | M34: 0 | N34: 1 | O34: 75
A35: Q1 | B35: EG | C35: 4162738 | D35: ELECTRA/ | E35: 7886002794 | F35: IH | G35: GSPN.HamedSaad | H35: 1 | I35: 1 | J35: 0 | K35: 0 | L35: 0 | M35: 0 | N35: 1 | O35: 75
A36: Q1 | B36: EG | C36: 4970875 | D36: ELECTRA ASSUIT/ | E36: 7886002675 | F36: IH | G36: GSPN.mohamedmoheb15 | H36: 1 | I36: 1 | J36: 0 | K36: 0 | L36: 0.29411765 | M36: No History | N36: 1 | O36: 75
A37: Q1 | B37: EG | C37: 5797725 | D37: HI TECH TANTA/ | E37: 7886002538 | F37: IH | G37: GSPN.Hatemagamy | H37: 1 | I37: 1 | J37: 0 | K37: 1 | L37: 0 | M37: No History | N37: 1 | O37: 75
A38: Q1 | B38: EG | C38: 5797725 | D38: HI TECH TANTA/ | E38: 7886002539 | F38: IH | G38: GSPN.Ahmedhamouda | H38: 1 | I38: 1 | J38: 0 | K38: 1 | L38: 0 | M38: No History | N38: 1 | O38: 75
A39: Q1 | B39: EG | C39: 5797725 | D39: HI TECH TANTA/ | E39: 7886002540 | F39: CI | G39: GSPN.Ahmedmatar | H39: 1 | I39: 1 | J39: 0 | K39: 1 | L39: 0 | M39: No History | N39: 1 | O39: 75
A40: Q1 | B40: EG | C40: 5797725 | D40: HI TECH TANTA/ | E40: 7886002543 | F40: IH | G40: GSPN.mohammedeldebeky | H40: 1 | I40: 1 | J40: 0 | K40: 1 | L40: 0 | M40: No History | N40: 1 | O40: 75
A41: Q1 | B41: EG | C41: 5797725 | D41: HI TECH TANTA/ | E41: 7886002544 | F41: IH | G41: GSPN.Ahmedagamy | H41: 1 | I41: 1 | J41: 0 | K41: 1 | L41: 0 | M41: No History | N41: 1 | O41: 75
A42: Q1 | B42: EG | C42: 5797725 | D42: HI TECH TANTA/ | E42: 7886002545 | F42: IH | G42: GSPN.Adelelbasuony | H42: 1 | I42: 1 | J42: 0 | K42: 1 | L42: 0 | M42: No History | N42: 1 | O42: 75
A43: Q1 | B43: EG | C43: 5797725 | D43: HI TECH TANTA/ | E43: 7886002643 | F43: IH | G43: GSPN.mahamedmagdy | H43: 1 | I43: 1 | J43: 0 | K43: 1 | L43: 0 | M43: No History | N43: 1 | O43: 75
A44: Q1 | B44: EG | C44: 5797727 | D44: HI TECH MENOFEYA/ | E44: 7886002546 | F44: IH | G44: No SBA ID | H44: 1 | I44: 1 | J44: 0 | K44: 0.96296296 | L44: 0 | M44: No History | N44: 1 | O44: 75
A45: Q1 | B45: EG | C45: 5797727 | D45: HI TECH MENOFEYA/ | E45: 7886002547 | F45: IH | G45: No SBA ID | H45: 1 | I45: 1 | J45: 0 | K45: 0.95454545 | L45: 0 | M45: No History | N45: 1 | O45: 75
A46: Q1 | B46: EG | C46: 5797727 | D46: HI TECH MENOFEYA/ | E46: 7886002548 | F46: IH | G46: No SBA ID | H46: 1 | I46: 1 | J46: 0 | K46: 0.88888889 | L46: 0 | M46: No History | N46: 1 | O46: 75
A47: Q1 | B47: EG | C47: 5797728 | D47: ELECTRA GIZA/ | E47: 7886002489 | F47: IH | G47: GSPN.MohamedShamroukh | H47: 1 | I47: 1 | J47: 0 | K47: 1 | L47: 0 | M47: No History | N47: 1 | O47: 75
... A67: Q1 | B67: EG | C67: 8396105 | D67: TO CONNECT SHOP/ | E67: 7886000561 | F67: IH | G67: GSPN.islam.2ct | H67: 1 | I67: 1 | J67: 0 | K67: 1 | L67: 0 | M67: No History | N67: 1 | O67: 75
A68: Q1 | B68: EG | C68: 8398383 | D68: EL MOHANDES SERVICE | E68: 7886000632 | F68: IH | G68: GSPN.MohAhmed1 | H68: 1 | I68: 1 | J68: 0 | K68: 0 | L68: 0 | M68: 0 | N68: 1 | O68: 75
A69: Q1 | B69: EG | C69: 8398383 | D69: EL MOHANDES SERVICE | E69: 7886002812 | F69: IH | G69: No SBA ID | H69: 1 | I69: 1 | J69: 0 | K69: 0 | L69: 0 | M69: No History | N69: 1 | O69: 75
A70: Q1 | B70: EG | C70: 9203497 | D70: U TECH FOR SERVICE & | E70: 7886002273 | F70: IH | G70: GSPN.Ahmadbhaa | H70: 1 | I70: 1 | J70: 0 | K70: 0 | L70: 0 | M70: No History | N70: 1 | O70: 75
A71: Q1 | B71: EG | C71: 9203497 | D71: U TECH FOR SERVICE & | E71: 7886002439 | F71: IH | G71: GSPN.karem_elbathe | H71: 1 | I71: 0 | J71: 0 | K71: 0.86440678 | L71: 0.015151515 | M71: No History | N71: 1 | O71: 75
A72: Q1 | B72: EG | C72: 9203497 | D72: U TECH FOR SERVICE & | E72: 7886002452 | F72: IH | G72: No SBA ID | H72: 1 | I72: 0 | J72: 0 | K72: 1 | L72: 0.16666667 | M72: No History | N72: 1 | O72: 75
A73: Q1 | B73: EG | C73: 9203497 | D73: U TECH FOR SERVICE & | E73: 7886002682 | F73: IH | G73: No SBA ID | H73: 1 | I73: 0 | J73: 0 | K73: 1 | L73: 0.4 | M73: No History | N73: 1 | O73: 75
A74: Q1 | B74: EG | C74: 9203499 | D74: HI TECH FOR MAINTENA | E74: 7886001399 | F74: IH | G74: GSPN.HiTwabZag011 | H74: 1 | I74: 1 | J74: 1 | K74: 0 | L74: 0 | M74: 0 | N74: 1 | O74: 75
A75: Q1 | B75: EG | C75: 9203499 | D75: HI TECH FOR MAINTENA | E75: 7886002641 | F75: IH | G75: GSPN.HiSamehZag011 | H75: 1 | I75: 1 | J75: 0 | K75: 0 | L75: 0.057142857 | M75: No History | N75: 1 | O75: 75
A76: Q1 | B76: EG | C76: 9203499 | D76: HI TECH FOR MAINTENA | E76: 7886002642 | F76: IH | G76: No SBA ID | H76: 1 | I76: 1 | J76: 0 | K76: 0 | L76: 0 | M76: No History | N76: 1 | O76: 75
A77: Q1 | B77: EG | C77: 9203499 | D77: HI TECH FOR MAINTENA | E77: 7886002681 | F77: IH | G77: No SBA ID | H77: 1 | I77: 1 | J77: 0 | K77: 1 | L77: 0 | M77: No History | N77: 1 | O77: 75
A78: Q1 | B78: EG | C78: 9203499 | D78: HI TECH FOR MAINTENA | E78: 7886002795 | F78: IH | G78: GSPN.Hiadhamzag011 | H78: 1 | I78: 1 | J78: 0 | K78: 0 | L78: 0.025 | M78: No History | N78: 1 | O78: 75
A79: Q1 | B79: EG | C79: 9203499 | D79: HI TECH FOR MAINTENA | E79: 7886002842 | F79: IH | G79: No SBA ID | H79: 1 | I79: 1 | J79: 0 | K79: 0 | L79: 0.075 | M79: No History | N79: 1 | O79: 75
A80: Q1 | B80: EG | C80: 9203501 | D80: RAMY EL TABIE ABDO G | E80: 7886002564 | F80: IH | G80: GSPN.Dinaelsayed27 | H80: 1 | I80: 0 | J80: 0 | K80: 1 | L80: 0 | M80: 0 | N80: 1 | O80: 75
A81: Q1 | B81: EG | C81: 9372701 | D81: RAYA GIZA (HA)/ | E81: 7886000378 | F81: PR | G81: GSPN.Mesha115 | H81: 1 | I81: 1 | J81: 0 | K81: 1 | L81: 0 | M81: No History | N81: 1 | O81: 75
A82: Q1 | B82: EG | C82: 9372701 | D82: RAYA GIZA (HA)/ | E82: 7886000657 | F82: PR | G82: GSPN.KABDELMSEH2000 | H82: 1 | I82: 1 | J82: 0 | K82: 0 | L82: 0 | M82: 0 | N82: 1 | O82: 75
A83: Q1 | B83: EG | C83: 9372701 | D83: RAYA GIZA (HA)/ | E83: 7886002672 | F83: PR | G83: GSPN.ahmedrdwan | H83: 1 | I83: 1 | J83: 0 | K83: 1 | L83: 0 | M83: No History | N83: 1 | O83: 75
A84: Q1 | B84: EG | C84: 5189455 | D84: AHMED EL SAYED ABDO | E84: 7886002436 | F84: IH | G84: GSPN.ahmedelaraby | H84: 1 | I84: 0 | J84: 0 | K84: 0.83544304 | L84: 0.050847458 | M84: 0 | N84: 1 | O84: 74.743112
A85: Q1 | B85: EG | C85: 9203499 | D85: HI TECH FOR MAINTENA | E85: 7886002657 | F85: IH | G85: No SBA ID | H85: 1 | I85: 1 | J85: 0 | K85: 0.81818182 | L85: 0 | M85: No History | N85: 1 | O85: 74.438503
A86: Q1 | B86: EG | C86: 5797728 | D86: ELECTRA GIZA/ | E86: 7886002485 | F86: IH | G86: GSPN.HaniyHassan | H86: 1 | I86: 1 | J86: 0 | K86: 0.8 | L86: 0 | M86: No History | N86: 1 | O86: 74.117647
A87: Q1 | B87: EG | C87: 2451952 | D87: U TECH SUEZ/BUILDING | E87: 7886002310 | F87: IH | G87: GSPN.samir1saeed | H87: 1 | I87: 0 | J87: 0 | K87: 0.75 | L87: 0 | M87: No History | N87: 1 | O87: 73.235294
A88: Q1 | B88: EG | C88: 5797728 | D88: ELECTRA GIZA/ | E88: 7886002484 | F88: IH | G88: GSPN.TaherFarghaly1 | H88: 1 | I88: 1 | J88: 0 | K88: 0.72916667 | L88: 0 | M88: No History | N88: 1 | O88: 72.867647
A89: Q1 | B89: EG | C89: 4162738 | D89: ELECTRA/ | E89: 7886002234 | F89: IH | G89: GSPN.KhalidMohammed | H89: 1 | I89: 1 | J89: 0 | K89: 0.6 | L89: 0 | M89: No History | N89: 1 | O89: 70.588235
A90: Q1 | B90: EG | C90: 4969685 | D90: K-ELECTRONICS ELIBRA | E90: 7886002772 | F90: IH | G90: GSPN.mohamed_gamal20 | H90: 1 | I90: 0 | J90: 0 | K90: 1 | L90: 0 | M90: 0.5 | N90: 1 | O90: 70
A91: Q1 | B91: EG | C91: 4970875 | D91: ELECTRA ASSUIT/ | E91: 7886002677 | F91: IH | G91: GSPN.waleedesmaiel | H91: 1 | I91: 1 | J91: 0 | K91: 0.5 | L91: 0 | M91: No History | N91: 1 | O91: 68.823529
A92: Q1 | B92: EG | C92: 1390788 | D92: ATS BE - GREAT CAIRO | E92: 7886002272 | F92: IH | G92: GSPN.m_shaaban | H92: 0 | I92: 1 | J92: 0 | K92: 0 | L92: 0.16 | M92: 1 | N92: 1 | O92: 60
A93: Q1 | B93: EG | C93: 2226596 | D93: TO CONNECT - NAG HAM | E93: 7886001633 | F93: IH | G93: GSPN.MMsalim | H93: 1 | I93: 1 | J93: 0 | K93: 0 | L93: 0 | M93: No History | N93: 1 | O93: 60
A94: Q1 | B94: EG | C94: 3489862 | D94: RAYA - GHARBEYA/ | E94: 7886000439 | F94: IH | G94: GSPN.mohamed_salah24 | H94: 0 | I94: 1 | J94: 0 | K94: 0 | L94: 0.068181818 | M94: 1 | N94: 1 | O94: 60
A95: Q1 | B95: EG | C95: 3489862 | D95: RAYA - GHARBEYA/ | E95: 7886000482 | F95: IH | G95: No SBA ID | H95: 1 | I95: 0 | J95: 0 | K95: 0 | L95: 0 | M95: No History | N95: 1 | O95: 60
A96: Q1 | B96: EG | C96: 5797725 | D96: HI TECH TANTA/ | E96: 7886002542 | F96: IH | G96: No SBA ID | H96: 1 | I96: 0 | J96: 0 | K96: 1 | L96: 0 | M96: No History | N96: 1 | O96: 60
A97: Q1 | B97: EG | C97: 5797728 | D97: ELECTRA GIZA/ | E97: 7886002486 | F97: CI | G97: GSPN.TareKAbuAKhair | H97: 1 | I97: 1 | J97: 0 | K97: 0 | L97: 0 | M97: No History | N97: 1 | O97: 60
A98: Q1 | B98: EG | C98: 5797729 | D98: TECH VALLEY MANSOURA | E98: 7886002504 | F98: CI | G98: GSPN.Hosnimohamed77 | H98: 1 | I98: 0 | J98: 0 | K98: 1 | L98: 0 | M98: No History | N98: 1 | O98: 60
A99: Q1 | B99: EG | C99: 8215895 | D99: RAYA CAIRO/ | E99: 7886001393 | F99: IH | G99: GSPN.mahmoudzaher | H99: 0 | I99: 0 | J99: 1 | K99: 0 | L99: 0.019607843 | M99: 1 | N99: 1 | O99: 60
A100: Q1 | B100: EG | C100: 8351903 | D100: NANOTEC/ | E100: 7886001747 | F100: IH | G100: GSPN.sfoaad | H100: 1 | I100: 0 | J100: 0 | K100: 1 | L100: 0 | M100: No History | N100: 1 | O100: 60
A101: Q1 | B101: EG | C101: 8351903 | D101: NANOTEC/ | E101: 7886002801 | F101: IH | G101: No SBA ID | H101: 1 | I101: 0 | J101: 0 | K101: 0.88235294 | L101: 0 | M101: No History | N101: 1 | O101: 60
A102: Q1 | B102: EG | C102: 8396105 | D102: TO CONNECT SHOP/ | E102: 7886001053 | F102: IH | G102: GSPN.Mohamedsalah5 | H102: 1 | I102: 1 | J102: 0 | K102: 0 | L102: 0 | M102: No History | N102: 1 | O102: 60
A103: Q1 | B103: EG | C103: 9372701 | D103: RAYA GIZA (HA)/ | E103: 7886002666 | F103: PR | G103: GSPN.mahmoudebraheem | H103: 1 | I103: 1 | J103: 0 | K103: 0 | L103: 0 | M103: No History | N103: 1 | O103: 60
A104: Q1 | B104: EG | C104: 9203505 | D104: JAPANESE CENTER FOR | E104: 7886000617 | F104: IH | G104: No SBA ID | H104: 1 | I104: 0 | J104: 0 | K104: 0 | L104: 0.75 | M104: No History | N104: 1 | O104: 57
A105: Q1 | B105: EG | C105: 4969681 | D105: K-ELECTRONICS KAFR E | E105: 7886002521 | F105: IH | G105: GSPN.mohamed_raslan20 | H105: 0 | I105: 0 | J105: 0 | K105: 1 | L105: 0.034482759 | M105: 0.5 | N105: 1 | O105: 50
A106: Q1 | B106: EG | C106: 1390788 | D106: ATS BE - GREAT CAIRO | E106: 7886001750 | F106: IH | G106: GSPN.HamedAhmed | H106: 0 | I106: 0 | J106: 0 | K106: 0 | L106: 0.10169492 | M106: 1 | N106: 1 | O106: 45
A107: Q1 | B107: EG | C107: 3489862 | D107: RAYA - GHARBEYA/ | E107: 7886002385 | F107: IH | G107: GSPN.mohamed_metwely01 | H107: 0 | I107: 0 | J107: 0 | K107: 0 | L107: 0 | M107: 1 | N107: 1 | O107: 45
A108: Q1 | B108: EG | C108: 4969681 | D108: K-ELECTRONICS KAFR E | E108: 7886002530 | F108: IH | G108: GSPN.mohamed_fawzy20 | H108: 0 | I108: 0 | J108: 0 | K108: 1 | L108: 0 | M108: No History | N108: 1 | O108: 40
A109: Q1 | B109: EG | C109: 8351903 | D109: NANOTEC/ | E109: 7886000930 | F109: IH | G109: GSPN.ahasan | H109: 1 | I109: 1 | J109: 0 | K109: 1 | L109: 0 | M109: No History | N109: 1 | O109: 40
A110: Q1 | B110: EG | C110: 9203497 | D110: U TECH FOR SERVICE & | E110: 7886002658 | F110: IH | G110: No SBA ID | H110: 0 | I110: 0 | J110: 0 | K110: 0.85714286 | L110: 0 | M110: No History | N110: 1 | O110: 40
A111: Q1 | B111: EG | C111: 9203500 | D111: HI TECH FOR MAINTENA | E111: 7886002667 | F111: IH | G111: No SBA ID | H111: 0 | I111: 0 | J111: 0 | K111: 0.88888889 | L111: 0.083333333 | M111: No History | N111: 1 | O111: 40
A112: Q1 | B112: EG | C112: 8215895 | D112: RAYA CAIRO/ | E112: 7886002371 | F112: IH | G112: GSPN.islam_emad01 | H112: 0 | I112: 0 | J112: 0 | K112: 0 | L112: 0 | M112: 0.5 | N112: 1 | O112: 35
A113: Q1 | B113: EG | C113: 2227239 | D113: EL MOHANDES - HURGHA | E113: 7886002507 | F113: IH | G113: GSPN.Mohameduasef | H113: 0 | I113: 0 | J113: 0 | K113: 0 | L113: 0.25 | M113: 0 | N113: 1 | O113: 25
A114: Q1 | B114: EG | C114: 2278119 | D114: RAYA - MANSOURA/ | E114: 7886002383 | F114: IH | G114: GSPN.ahmed_hassan01 | H114: 0 | I114: 0 | J114: 0 | K114: 0 | L114: 0.086956522 | M114: 0 | N114: 1 | O114: 25
A115: Q1 | B115: EG | C115: 3489862 | D115: RAYA - GHARBEYA/ | E115: 7886002384 | F115: IH | G115: GSPN.khaled_yehia01 | H115: 0 | I115: 0 | J115: 0 | K115: 0 | L115: 0.020833333 | M115: 0 | N115: 1 | O115: 25
A116: Q1 | B116: EG | C116: 8215895 | D116: RAYA CAIRO/ | E116: 7886002380 | F116: IH | G116: GSPN.Mohamed_farouk01 | H116: 0 | I116: 0 | J116: 0 | K116: 0 | L116: 0 | M116: 0 | N116: 1 | O116: 25
A117: Q1 | B117: EG | C117: 9372701 | D117: RAYA GIZA (HA)/ | E117: 7886002230 | F117: PR | G117: GSPN.saidabdelraman | H117: 0 | I117: 0 | J117: 0 | K117: 0 | L117: 0.058823529 | M117: 0 | N117: 1 | O117: 25
A118: Q1 | B118: EG | C118: 8398383 | D118: EL MOHANDES SERVICE | E118: 7886002481 | F118: IH | G118: GSPN.RabahSalah2024 | H118: 0 | I118: 0 | J118: 0 | K118: 0 | L118: 0 | M118: No History | N118: 1 | O118: 10

Sheet SRC Q2 Engineer Eval
A1: SUB | B1: Country key | C1: W/B Partner | D1: ASC Name | E1: Target For Evaluation Yes No | G1: Engineer | H1: Status | I1: SVC Type | J1: Dedicated/Non Dedicated | K1: SBA ID | L1: SBA ID Status | M1: Major/Minor | N1: Eng Code Status | O1: Product Group | P1: Acc Wrty Volume | Q1: Rep or Install Eng | R1: Redo | S1: Training Att | T1: RNPS | U1: S.T con | V1: MJ % | W1: Comp. Repair | X1: Hass | Y1: Kahoot | Z1: Redo | AA1: Training Att | AB1: RNPS | AC1: S.T con | AD1: MJ % | AE1: Comp. Repair | AF1: Kahoot | AG1: Total | AH1: Hass | AI1: Repair Volume | AJ1: Q2 Final Result
A2: SEEG | B2: EG | C2: 4969684 | D2: K-ELECTRONICS MARSA | E2: Target | F2: MSC | G2: 7886002522 | H2: Excluded Q4 & Q1 | I2: IH | J2: Dedicated | K2: GSPN.shady_moustafa20 | L2: Active | M2: Below 20 | N2: W | O2: AV | P2: 87 | Q2: Repair | R2: 1 | S2: 1 | T2: 100 | U2: 1 | V2: 0.0044247788 | W2: 1 | X2: 1 | Z2: 15 | AA2: 15 | AB2: 20 | AC2: 15 | AD2: 15 | AE2: 15 | AG2: 95 | AH2: 15 | AI2: 118.75 | AJ2: 133.75
A3: SEEG | B3: EG | C3: 4970875 | D3: ELECTRA ASSUIT/ | E3: Target | F3: MSC | G3: 7886002844 | H3: Excluded Q4 & Q1 | I3: IH | J3: Dedicated | K3: GSPN.mmeneem2025 | L3: Active | M3: Below 20 | N3: W | O3: AV + HA | P3: 115 | Q3: Repair | R3: 1 | S3: 1 | T3: 66.666667 | U3: 0.5 | V3: 0.011061947 | W3: 1 | X3: 0.75 | Z3: 15 | AA3: 15 | AB3: 18 | AC3: 7.5 | AD3: 15 | AE3: 15 | AG3: 85.5 | AH3: 11.25 | AI3: 106.875 | AJ3: 118.125
A4: SEEG | B4: EG | C4: 5933773 | D4: TIBA FOR TRADE AND M | E4: Target | F4: MSC | G4: 7886002529 | H4: Excluded Q4 & Q1 | I4: IH | J4: Dedicated | K4: GSPN.AhmedShakerTiba | L4: Active | M4: Below 20 | N4: W | O4: AV | P4: 400 | Q4: Repair | R4: 1 | S4: 1 | T4: 100 | U4: 0 | V4: 0.017699115 | W4: 1 | X4: 1 | Z4: 15 | AA4: 15 | AB4: 20 | AC4: 0 | AD4: 15 | AE4: 15 | AG4: 80 | AH4: 15 | AI4: 100 | AJ4: 115
A5: SEEG | B5: EG | C5: 8351903 | D5: NANOTEC/ | E5: Target | F5: MSC | G5: 7886002084 | H5: Excluded Q4 & Q1 | I5: IH | J5: Dedicated | K5: GSPN.mohamedmahros1 | L5: Active | M5: Below 20 | N5: W | O5: HA | P5: 143 | Q5: Repair | R5: 1 | S5: 1 | T5: 100 | U5: 1 | V5: 0.011061947 | W5: 0 | X5: 1 | Z5: 15 | AA5: 15 | AB5: 20 | AC5: 15 | AD5: 15 | AE5: 0 | AG5: 80 | AH5: 15 | AI5: 100 | AJ5: 115
A6: SEEG | B6: EG | C6: 4969681 | D6: K-ELECTRONICS KAFR E | E6: Target | F6: MSC | G6: 7886002521 | H6: Included | I6: IH | J6: Dedicated | K6: GSPN.mohamed_raslan20 | L6: Active | M6: Below 20 | N6: W | O6: AV + HA | P6: 226 | Q6: Repair | R6: 1 | S6: 1 | T6: 84.210526 | U6: 0 | V6: 0.017699115 | W6: 1 | X6: 1 | Z6: 15 | AA6: 15 | AB6: 20 | AC6: 0 | AD6: 15 | AE6: 15 | AG6: 80 | AH6: 15 | AI6: 100 | AJ6: 115
A7: SEEG | B7: EG | C7: 4969681 | D7: K-ELECTRONICS KAFR E | E7: Target | F7: MSC | G7: 7886002530 | H7: Included | I7: IH | J7: Dedicated | K7: GSPN.mohamed_fawzy20 | L7: active | M7: Below 20 | N7: W | O7: AV + HA | P7: 40 | Q7: Repair | R7: 1 | S7: 1 | T7: 71.428571 | U7: 0 | V7: 0.015486726 | W7: 1 | X7: 1 | Z7: 15 | AA7: 15 | AB7: 20 | AC7: 0 | AD7: 15 | AE7: 15 | AG7: 80 | AH7: 15 | AI7: 100 | AJ7: 115
A8: SEEG | B8: EG | C8: 8351903 | D8: NANOTEC/ | E8: Target | F8: MSC | G8: 7886002009 | H8: Excluded Q4 & Q1 | I8: IH | J8: Dedicated | K8: GSPN.Mokhtarabdelrahim1 | L8: Active | M8: Below 20 | N8: W | O8: HA | P8: 83 | Q8: Repair | R8: 1 | S8: 1 | T8: 100 | U8: 0.77777778 | V8: 0.0044247788 | W8: 0 | X8: 0.90909091 | Z8: 15 | AA8: 15 | AB8: 20 | AC8: 11.666667 | AD8: 15 | AE8: 0 | AG8: 76.666667 | AH8: 13.636364 | AI8: 95.833333 | AJ8: 109.4697
A9: SEEG | B9: EG | C9: 8351903 | D9: NANOTEC/ | E9: Target | F9: MSC | G9: 7886002215 | H9: Included | I9: IH | J9: Dedicated | K9: GSPN.KaremGamal | L9: Active | M9: Below 20 | N9: W | O9: HA | P9: 63 | Q9: Repair | R9: 1 | S9: 1 | T9: 87.5 | U9: 0.68181818 | V9: 0.0066371681 | W9: 0 | X9: 1 | Z9: 15 | AA9: 15 | AB9: 20 | AC9: 10.227273 | AD9: 15 | AE9: 0 | AG9: 75.227273 | AH9: 15 | AI9: 94.034091 | AJ9: 109.03409
A10: SEEG | B10: EG | C10: 9372701 | D10: RAYA GIZA (HA)/ | E10: Target | F10: MSC | G10: 7886002672 | H10: Included | I10: PR | J10: Dedicated | K10: GSPN.ahmedrdwan | L10: Active | M10: Above 20 | N10: Not Found | O10: HA | P10: 26 | Q10: Installation | R10: 1 | S10: 1 | T10: 100 | U10: 0.5 | V10: 0.0044247788 | W10: 0 | X10: 1 | Z10: 15 | AA10: 15 | AB10: 20 | AC10: 7.5 | AD10: 15 | AE10: 0 | AG10: 72.5 | AH10: 15 | AI10: 90.625 | AJ10: 105.625
A11: SEEG | B11: EG | C11: 9203497 | D11: U TECH FOR SERVICE & | E11: Target | F11: MSC | G11: 7886002682 | H11: Included | I11: IH | J11: Dedicated | K11: No SBA ID | L11: InActive | M11: Above 30 | N11: W | O11: AV + HA | P11: 73 | Q11: Repair | R11: 1 | S11: 1 | T11: 100 | U11: 0.5 | V11: 1 | W11: 1 | X11: 0.85714286 | Z11: 15 | AA11: 15 | AB11: 20 | AC11: 7.5 | AD11: 0 | AE11: 15 | AG11: 72.5 | AH11: 12.857143 | AI11: 90.625 | AJ11: 103.48214
A12: SEEG | B12: EG | C12: 4969685 | D12: K-ELECTRONICS ELIBRA | E12: Target | F12: MSC | G12: 7886002532 | H12: Excluded Q4 & Q1 | I12: IH | J12: Dedicated | K12: GSPN.emad_metry20 | L12: Active | M12: Above 20 | N12: W | O12: AV | P12: 165 | Q12: Repair | R12: 1 | S12: 1 | T12: 57.142857 | U12: 0 | V12: 0.033185841 | W12: 1 | X12: 1 | Z12: 15 | AA12: 15 | AB12: 15 | AC12: 0 | AD12: 10 | AE12: 15 | AG12: 70 | AH12: 15 | AI12: 87.5 | AJ12: 102.5
A13: SEEG | B13: EG | C13: 5797728 | D13: ELECTRA GIZA/ | E13: Target | F13: MSC | G13: 7886002485 | H13: Included | I13: IH | J13: Dedicated | K13: GSPN.HaniyHassan | L13: Active | M13: Below 20 | N13: W | O13: HA | P13: 108 | Q13: Repair | R13: 1 | S13: 1 | T13: 88.461538 | U13: 1 | V13: 0.030973451 | W13: 0 | X13: 0.25 | Z13: 15 | AA13: 15 | AB13: 20 | AC13: 15 | AD13: 10 | AE13: 0 | AG13: 75 | AH13: 3.75 | AI13: 93.75 | AJ13: 97.5
... A15: SEEG | B15: EG | C15: 8351903 | D15: NANOTEC/ | E15: Target | F15: MSC | G15: 7886002762 | H15: Excluded Q4 & Q1 | I15: IH | J15: Dedicated | K15: GSPN.ahmedbelal2025 | L15: Active | M15: Below 20 | N15: W | O15: HA | P15: 75 | Q15: Repair | R15: 1 | S15: 1 | T15: 100 | U15: 0 | V15: 0.0044247788 | W15: 0 | X15: 1 | Z15: 15 | AA15: 15 | AB15: 20 | AC15: 0 | AD15: 15 | AE15: 0 | AG15: 65 | AH15: 15 | AI15: 81.25 | AJ15: 96.25
A16: SEEG | B16: EG | C16: 8398383 | D16: EL MOHANDES SERVICE | E16: Target | F16: ASC | G16: 7886000632 | H16: Included | I16: IH | J16: Non Dedicated | K16: GSPN.MohAhmed1 | L16: Active | M16: Below 20 | N16: W | O16: AV | P16: 25 | Q16: Repair | R16: 1 | S16: 1 | T16: 100 | U16: 0 | V16: 0.0022123894 | W16: 0.75 | Z16: 15 | AA16: 15 | AB16: 20 | AC16: 0 | AD16: 15 | AE16: 11.25 | AG16: 76.25 | AH16: 0 | AI16: 95.3125 | AJ16: 95.3125
A17: SEEG | B17: EG | C17: 8351903 | D17: NANOTEC/ | E17: Target | F17: MSC | G17: 7886001746 | H17: Included | I17: IH | J17: Dedicated | K17: GSPN.mafify | L17: Active | M17: Below 20 | N17: W | O17: HA | P17: 73 | Q17: Repair | R17: 1 | S17: 1 | T17: 100 | U17: 0 | V17: 0.0088495575 | W17: 0 | X17: 0.91666667 | Z17: 15 | AA17: 15 | AB17: 20 | AC17: 0 | AD17: 15 | AE17: 0 | AG17: 65 | AH17: 13.75 | AI17: 81.25 | AJ17: 95
A18: SEEG | B18: EG | C18: 5797727 | D18: HI TECH MENOFEYA/ | E18: Target | F18: MSC | G18: 7886002547 | H18: Included | I18: IH | J18: Dedicated | K18: No SBA ID | L18: InActive | M18: Below 20 | N18: W | O18: HA | P18: 72 | Q18: Repair | R18: 1 | S18: 1 | T18: 100 | U18: 0 | V18: 0.017699115 | W18: 0 | X18: 0.90909091 | Z18: 15 | AA18: 15 | AB18: 20 | AC18: 0 | AD18: 15 | AE18: 0 | AG18: 65 | AH18: 13.636364 | AI18: 81.25 | AJ18: 94.886364
A19: SEEG | B19: EG | C19: 9203497 | D19: U TECH FOR SERVICE & | E19: Target | F19: MSC | G19: 7886002439 | H19: Included | I19: IH | J19: Dedicated | K19: GSPN.karem_elbathe | L19: active | M19: Above 30 | N19: W | O19: AV + HA | P19: 197 | Q19: Repair | R19: 0 | S19: 1 | T19: 84.615385 | U19: 0 | V19: 0.0066371681 | W19: 1 | X19: 0.86363636 | Z19: 0 | AA19: 15 | AB19: 20 | AC19: 0 | AD19: 15 | AE19: 15 | AG19: 65 | AH19: 12.954545 | AI19: 81.25 | AJ19: 94.204545
A20: SEEG | B20: EG | C20: 5797725 | D20: HI TECH TANTA/ | E20: Target | F20: MSC | G20: 7886002542 | H20: Included | I20: IH | J20: Dedicated | K20: No SBA ID | L20: InActive | M20: Below 20 | N20: W | O20: HA | P20: 29 | Q20: Repair | R20: 1 | S20: 1 | T20: 100 | U20: 0 | V20: 0.019911504 | W20: 0 | X20: 0.75 | Z20: 15 | AA20: 15 | AB20: 20 | AC20: 0 | AD20: 15 | AE20: 0 | AG20: 65 | AH20: 11.25 | AI20: 81.25 | AJ20: 92.5
A21: SEEG | B21: EG | C21: 8351903 | D21: NANOTEC/ | E21: Target | F21: MSC | G21: 7886002788 | H21: Included | I21: IH | J21: Dedicated | K21: No SBA ID | L21: InActive | M21: Below 20 | N21: W | O21: HA | P21: 76 | Q21: Repair | R21: 0 | S21: 1 | T21: 100 | U21: 1 | V21: 0.011061947 | W21: 0 | X21: 0.7 | Z21: 0 | AA21: 15 | AB21: 20 | AC21: 15 | AD21: 15 | AE21: 0 | AG21: 65 | AH21: 10.5 | AI21: 81.25 | AJ21: 91.75
A22: SEEG | B22: EG | C22: 9203499 | D22: HI TECH FOR MAINTENA | E22: Target | F22: MSC | G22: 7886001055 | H22: Included | I22: IH | J22: Dedicated | K22: GSPN.HiRamdanZag | L22: Active | M22: Above 30 | N22: W | O22: HA | P22: 122 | Q22: Repair | R22: 1 | S22: 1 | T22: 100 | U22: 0 | V22: 0.017699115 | W22: 0 | X22: 0.6875 | Z22: 15 | AA22: 15 | AB22: 20 | AC22: 0 | AD22: 15 | AE22: 0 | AG22: 65 | AH22: 10.3125 | AI22: 81.25 | AJ22: 91.5625
A23: SEEG | B23: EG | C23: 5797729 | D23: TECH VALLEY MANSOURA | E23: Target | F23: MSC | G23: 7886002501 | H23: Included | I23: IH | J23: Dedicated | K23: GSPN.AhmedAhmedAbuAlmaati94 | L23: active | M23: Below 20 | N23: W | O23: HA | P23: 144 | Q23: Repair | R23: 1 | S23: 1 | T23: 100 | U23: 0 | V23: 0.024336283 | W23: 0 | X23: 1 | Z23: 15 | AA23: 15 | AB23: 20 | AC23: 0 | AD23: 10 | AE23: 0 | AG23: 60 | AH23: 15 | AI23: 75 | AJ23: 90
A24: SEEG | B24: EG | C24: 5189455 | D24: AHMED EL SAYED ABDO | E24: Target | F24: ASC | G24: 7886002436 | H24: Included | I24: IH | J24: Non Dedicated | K24: GSPN.ahmedelaraby | L24: Active | M24: Above 20 | N24: W | O24: AV + HA | P24: 517 | Q24: Repair | R24: 0 | S24: 1 | T24: 81.818182 | U24: 1 | V24: 0.044247788 | W24: 1 | X24: 0.014084507 | Z24: 0 | AA24: 15 | AB24: 20 | AC24: 15 | AD24: 5 | AE24: 15 | AG24: 70 | AH24: 0.21126761 | AI24: 87.5 | AJ24: 87.711268
A25: SEEG | B25: EG | C25: 5797725 | D25: HI TECH TANTA/ | E25: Target | F25: MSC | G25: 7886002540 | H25: Included | I25: CI | J25: Dedicated | K25: GSPN.Ahmedmatar | L25: active | M25: Below 20 | N25: W | O25: HA | P25: 51 | Q25: Repair | R25: 1 | S25: 1 | T25: 0 | U25: 0.75 | V25: 0.0022123894 | W25: 0 | X25: 1 | Z25: 15 | AA25: 15 | AB25: 0 | AC25: 11.25 | AD25: 15 | AE25: 0 | AG25: 56.25 | AH25: 15 | AI25: 70.3125 | AJ25: 85.3125
A26: SEEG | B26: EG | C26: 8351903 | D26: NANOTEC/ | E26: Target | F26: MSC | G26: 7886001214 | H26: Included | I26: IH | J26: Dedicated | K26: No SBA ID | L26: InActive | M26: Below 20 | N26: W | O26: HA | P26: 144 | Q26: Repair | R26: 0 | S26: 1 | T26: 100 | U26: 0 | V26: 0.042035398 | W26: 1 | X26: 0.95 | Z26: 0 | AA26: 15 | AB26: 20 | AC26: 0 | AD26: 5 | AE26: 15 | AG26: 55 | AH26: 14.25 | AI26: 68.75 | AJ26: 83
A27: SEEG | B27: EG | C27: 1390788 | D27: ATS BE - GREAT CAIRO | E27: Target | F27: MSC | G27: 7886002136 | H27: Excluded Q4 & Q1 | I27: IH | J27: Dedicated | K27: GSPN.asalem | L27: Active | M27: Above 30 | N27: W | O27: AV | P27: 25 | Q27: Repair | R27: 1 | S27: 1 | T27: 100 | U27: 0 | V27: 1 | W27: 1 | Z27: 15 | AA27: 15 | AB27: 20 | AC27: 0 | AD27: 0 | AE27: 15 | AG27: 65 | AH27: 0 | AI27: 81.25 | AJ27: 81.25
A28: SEEG | B28: EG | C28: 8351903 | D28: NANOTEC/ | E28: Target | F28: MSC | G28: 7886002099 | H28: Excluded Q4 & Q1 | I28: IH | J28: Dedicated | K28: GSPN.KaremAV | L28: Active | M28: Below 20 | N28: W | O28: AV | P28: 66 | Q28: Repair | R28: 1 | S28: 1 | T28: 85.714286 | U28: 0 | V28: 1 | W28: 1 | Z28: 15 | AA28: 15 | AB28: 20 | AC28: 0 | AD28: 0 | AE28: 15 | AG28: 65 | AH28: 0 | AI28: 81.25 | AJ28: 81.25
A29: SEEG | B29: EG | C29: 1390788 | D29: ATS BE - GREAT CAIRO | E29: Target | F29: MSC | G29: 7886002683 | H29: Included | I29: IH | J29: Dedicated | K29: GSPN.gomaamohamed | L29: Active | M29: Above 30 | N29: W | O29: AV | P29: 59 | Q29: Repair | R29: 1 | S29: 1 | T29: 85.714286 | U29: 0 | V29: 1 | W29: 1 | Z29: 15 | AA29: 15 | AB29: 20 | AC29: 0 | AD29: 0 | AE29: 15 | AG29: 65 | AH29: 0 | AI29: 81.25 | AJ29: 81.25
A30: SEEG | B30: EG | C30: 2278119 | D30: RAYA - MANSOURA/ | E30: Target | F30: MSC | G30: 7886002386 | H30: Included | I30: IH | J30: Dedicated | K30: GSPN.mostafa_attia01 | L30: Active | M30: Above 30 | N30: W | O30: AV | P30: 22 | Q30: Repair | R30: 1 | S30: 1 | T30: 100 | U30: 0 | V30: 1 | W30: 1 | Z30: 15 | AA30: 15 | AB30: 20 | AC30: 0 | AD30: 0 | AE30: 15 | AG30: 65 | AH30: 0 | AI30: 81.25 | AJ30: 81.25
A31: SEEG | B31: EG | C31: 8351903 | D31: NANOTEC/ | E31: Target | F31: MSC | G31: 7886000279 | H31: Excluded Q4 & Q1 | I31: IH | J31: Dedicated | K31: GSPN.nanotechesa1 | L31: Active | M31: Below 20 | N31: W | O31: HA | P31: 94 | Q31: Repair | R31: 1 | S31: 1 | T31: 100 | U31: 0.1 | V31: 1 | W31: 0 | X31: 1 | Z31: 15 | AA31: 15 | AB31: 20 | AC31: 1.5 | AD31: 0 | AE31: 0 | AG31: 51.5 | AH31: 15 | AI31: 64.375 | AJ31: 79.375
A32: SEEG | B32: EG | C32: 3489862 | D32: RAYA - GHARBEYA/ | E32: Target | F32: MSC | G32: 7086001106 | H32: Included | I32: IH | J32: Dedicated | K32: GSPN.loay_elabasy24 | L32: Active | M32: Above 30 | N32: I | O32: AV | P32: 110 | Q32: Repair | R32: 1 | S32: 1 | T32: 100 | U32: 0 | V32: 1 | W32: 1 | Z32: 15 | AA32: 15 | AB32: 20 | AC32: 0 | AD32: 0 | AE32: 15 | AG32: 65 | AH32: 0 | AI32: 81.25 | AJ32: 81.25
A33: SEEG | B33: EG | C33: 4970875 | D33: ELECTRA ASSUIT/ | E33: Target | F33: MSC | G33: 7886002675 | H33: Excluded Q4 & Q1 | I33: IH | J33: Dedicated | K33: GSPN.mohamedmoheb15 | L33: Active | M33: Below 20 | N33: W | O33: AV | P33: 41 | Q33: Repair | R33: 1 | S33: 1 | T33: 100 | U33: 0 | V33: 1 | W33: 1 | Z33: 15 | AA33: 15 | AB33: 20 | AC33: 0 | AD33: 0 | AE33: 15 | AG33: 65 | AH33: 0 | AI33: 81.25 | AJ33: 81.25
A34: SEEG | B34: EG | C34: 9203499 | D34: HI TECH FOR MAINTENA | E34: Target | F34: MSC | G34: 7886001034 | H34: Excluded Q4 & Q1 | I34: IH | J34: Dedicated | K34: GSPN.HiAshrafZag010 | L34: Active | M34: Above 30 | N34: I | O34: AV | P34: 22 | Q34: Repair | R34: 1 | S34: 1 | T34: 100 | U34: 0 | V34: 1 | W34: 1 | Z34: 15 | AA34: 15 | AB34: 20 | AC34: 0 | AD34: 0 | AE34: 15 | AG34: 65 | AH34: 0 | AI34: 81.25 | AJ34: 81.25
A35: SEEG | B35: EG | C35: 8351903 | D35: NANOTEC/ | E35: Target | F35: MSC | G35: 7886002764 | H35: Included | I35: IH | J35: Dedicated | K35: No SBA ID | L35: InActive | M35: Below 20 | N35: W | O35: AV | P35: 47 | Q35: Repair | R35: 1 | S35: 1 | T35: 70 | U35: 0 | V35: 1 | W35: 1 | Z35: 15 | AA35: 15 | AB35: 20 | AC35: 0 | AD35: 0 | AE35: 15 | AG35: 65 | AH35: 0 | AI35: 81.25 | AJ35: 81.25
A36: SEEG | B36: EG | C36: 8351903 | D36: NANOTEC/ | E36: Target | F36: MSC | G36: 7886002765 | H36: Included | I36: IH | J36: Dedicated | K36: No SBA ID | L36: InActive | M36: Below 20 | N36: W | O36: AV | P36: 40 | Q36: Repair | R36: 1 | S36: 1 | T36: 85.714286 | U36: 0 | V36: 1 | W36: 1 | Z36: 15 | AA36: 15 | AB36: 20 | AC36: 0 | AD36: 0 | AE36: 15 | AG36: 65 | AH36: 0 | AI36: 81.25 | AJ36: 81.25
A37: SEEG | B37: EG | C37: 8215895 | D37: RAYA CAIRO/ | E37: Target | F37: MSC | G37: 7886001393 | H37: Excluded Q4 & Q1 | I37: IH | J37: Dedicated | K37: GSPN.mahmoudzaher | L37: Active | M37: Above 30 | N37: W | O37: AV | P37: 274 | Q37: Repair | R37: 1 | S37: 1 | T37: 80.769231 | U37: 0 | V37: 1 | W37: 1 | Z37: 15 | AA37: 15 | AB37: 20 | AC37: 0 | AD37: 0 | AE37: 15 | AG37: 65 | AH37: 0 | AI37: 81.25 | AJ37: 81.25
A38: SEEG | B38: EG | C38: 2278119 | D38: RAYA - MANSOURA/ | E38: Target | F38: MSC | G38: 7886002383 | H38: Included | I38: IH | J38: Dedicated | K38: GSPN.ahmed_hassan01 | L38: Active | M38: Above 30 | N38: W | O38: AV | P38: 48 | Q38: Repair | R38: 1 | S38: 1 | T38: 100 | U38: 0 | V38: 1 | W38: 1 | Z38: 15 | AA38: 15 | AB38: 20 | AC38: 0 | AD38: 0 | AE38: 15 | AG38: 65 | AH38: 0 | AI38: 81.25 | AJ38: 81.25
A39: SEEG | B39: EG | C39: 3489862 | D39: RAYA - GHARBEYA/ | E39: Target | F39: MSC | G39: 7886002384 | H39: Included | I39: IH | J39: Dedicated | K39: GSPN.khaled_yehia01 | L39: Active | M39: Above 30 | N39: W | O39: AV | P39: 145 | Q39: Repair | R39: 1 | S39: 1 | T39: 79.166667 | U39: 0 | V39: 1 | W39: 1 | Z39: 15 | AA39: 15 | AB39: 20 | AC39: 0 | AD39: 0 | AE39: 15 | AG39: 65 | AH39: 0 | AI39: 81.25 | AJ39: 81.25
A40: SEEG | B40: EG | C40: 9203500 | D40: HI TECH FOR MAINTENA | E40: Target | F40: ASC | G40: 7886002667 | H40: Included | I40: IH | J40: Non Dedicated | K40: No SBA ID | L40: InActive | M40: Below 20 | N40: W | O40: AV + HA | P40: 142 | Q40: Repair | R40: 1 | S40: 1 | T40: 15.384615 | U40: 0.25 | V40: 0.022123894 | W40: 0.91666667 | X40: 0.6 | Z40: 15 | AA40: 15 | AB40: 0 | AC40: 3.75 | AD40: 10 | AE40: 13.75 | AG40: 57.5 | AH40: 9 | AI40: 71.875 | AJ40: 80.875
A41: SEEG | B41: EG | C41: 9203499 | D41: HI TECH FOR MAINTENA | E41: Target | F41: MSC | G41: 7886002795 | H41: Included | I41: IH | J41: Dedicated | K41: GSPN.Hiadhamzag011 | L41: Active | M41: Above 30 | N41: W | O41: AV | P41: 104 | Q41: Repair | R41: 1 | S41: 1 | T41: 90 | U41: 0 | V41: 1 | W41: 0.96153846 | Z41: 15 | AA41: 15 | AB41: 20 | AC41: 0 | AD41: 0 | AE41: 14.423077 | AG41: 64.423077 | AH41: 0 | AI41: 80.528846 | AJ41: 80.528846
A42: SEEG | B42: EG | C42: 1390788 | D42: ATS BE - GREAT CAIRO | E42: Target | F42: MSC | G42: 7886001750 | H42: Included | I42: IH | J42: Dedicated | K42: GSPN.HamedAhmed | L42: Active | M42: Above 30 | N42: W | O42: AV | P42: 348 | Q42: Repair | R42: 1 | S42: 1 | T42: 77.5 | U42: 0 | V42: 1 | W42: 0.96153846 | Z42: 15 | AA42: 15 | AB42: 20 | AC42: 0 | AD42: 0 | AE42: 14.423077 | AG42: 64.423077 | AH42: 0 | AI42: 80.528846 | AJ42: 80.528846
A43: SEEG | B43: EG | C43: 8215895 | D43: RAYA CAIRO/ | E43: Target | F43: MSC | G43: 7886002371 | H43: Excluded Q4 & Q1 | I43: IH | J43: Dedicated | K43: GSPN.islam_emad01 | L43: Active | M43: Above 30 | N43: W | O43: AV | P43: 65 | Q43: Repair | R43: 1 | S43: 1 | T43: 100 | U43: 0 | V43: 1 | W43: 0.90909091 | Z43: 15 | AA43: 15 | AB43: 20 | AC43: 0 | AD43: 0 | AE43: 13.636364 | AG43: 63.636364 | AH43: 0 | AI43: 79.545455 | AJ43: 79.545455
A44: SEEG | B44: EG | C44: 5797725 | D44: HI TECH TANTA/ | E44: Target | F44: MSC | G44: 7886002545 | H44: Included | I44: IH | J44: Dedicated | K44: GSPN.Adelelbasuony | L44: active | M44: Below 20 | N44: W | O44: HA | P44: 40 | Q44: Repair | R44: 1 | S44: 1 | T44: 0 | U44: 0.5 | V44: 0.019911504 | W44: 0 | X44: 0.9 | Z44: 15 | AA44: 15 | AB44: 0 | AC44: 7.5 | AD44: 15 | AE44: 0 | AG44: 52.5 | AH44: 13.5 | AI44: 65.625 | AJ44: 79.125
A45: SEEG | B45: EG | C45: 1390788 | D45: ATS BE - GREAT CAIRO | E45: Target | F45: MSC | G45: 7886002272 | H45: Included | I45: IH | J45: Dedicated | K45: GSPN.m_shaaban | L45: Active | M45: Above 30 | N45: W | O45: AV | P45: 158 | Q45: Repair | R45: 1 | S45: 1 | T45: 65.217391 | U45: 0 | V45: 1 | W45: 0.97222222 | Z45: 15 | AA45: 15 | AB45: 18 | AC45: 0 | AD45: 0 | AE45: 14.583333 | AG45: 62.583333 | AH45: 0 | AI45: 78.229167 | AJ45: 78.229167
A46: SEEG | B46: EG | C46: 9203499 | D46: HI TECH FOR MAINTENA | E46: Target | F46: MSC | G46: 7886002842 | H46: Included | I46: IH | J46: Dedicated | K46: No SBA ID | L46: InActive | M46: Above 30 | N46: W | O46: AV | P46: 126 | Q46: Repair | R46: 1 | S46: 1 | T46: 66.666667 | U46: 0 | V46: 1 | W46: 0.95833333 | Z46: 15 | AA46: 15 | AB46: 18 | AC46: 0 | AD46: 0 | AE46: 14.375 | AG46: 62.375 | AH46: 0 | AI46: 77.96875 | AJ46: 77.96875
A47: SEEG | B47: EG | C47: 5797725 | D47: HI TECH TANTA/ | E47: Target | F47: MSC | G47: 7886002543 | H47: Excluded Tremiantion | I47: IH | J47: Dedicated | K47: GSPN.mohammedeldebeky | L47: active | M47: Below 20 | N47: W | O47: HA | P47: 22 | Q47: Repair | R47: 1 | S47: 1 | T47: 100 | U47: 0 | V47: 1 | W47: 0 | X47: 1 | Z47: 15 | AA47: 15 | AB47: 20 | AC47: 0 | AD47: 0 | AE47: 0 | AG47: 50 | AH47: 15 | AI47: 62.5 | AJ47: 77.5
A48: SEEG | B48: EG | C48: 8396105 | D48: TO CONNECT SHOP/ | E48: Target | F48: MSC | G48: 7886000561 | H48: Excluded Tremiantion | I48: IH | J48: Dedicated | K48: GSPN.islam.2ct | L48: Active | M48: Below 20 | N48: W | O48: HA | P48: 22 | Q48: Repair | R48: 0 | S48: 1 | T48: 100 | U48: 0 | V48: 0.011061947 | W48: 0 | X48: 1 | Z48: 0 | AA48: 15 | AB48: 20 | AC48: 0 | AD48: 15 | AE48: 0 | AG48: 50 | AH48: 15 | AI48: 62.5 | AJ48: 77.5
A49: SEEG | B49: EG | C49: 8351903 | D49: NANOTEC/ | E49: Target | F49: MSC | G49: 7886002801 | H49: Included | I49: IH | J49: Dedicated | K49: No SBA ID | L49: InActive | M49: Below 20 | N49: W | O49: HA | P49: 84 | Q49: Repair | R49: 0 | S49: 1 | T49: 100 | U49: 0 | V49: 0.0066371681 | W49: 0 | X49: 1 | Z49: 0 | AA49: 15 | AB49: 20 | AC49: 0 | AD49: 15 | AE49: 0 | AG49: 50 | AH49: 15 | AI49: 62.5 | AJ49: 77.5
A50: SEEG | B50: EG | C50: 8396105 | D50: TO CONNECT SHOP/ | E50: Target | F50: MSC | G50: 7886001053 | H50: Included | I50: IH | J50: Dedicated | K50: GSPN.Mohamedsalah5 | L50: Active | M50: Below 20 | N50: W | O50: HA | P50: 34 | Q50: Repair | R50: 0 | S50: 1 | T50: 100 | U50: 0 | V50: 0.0022123894 | W50: 0 | X50: 1 | Z50: 0 | AA50: 15 | AB50: 20 | AC50: 0 | AD50: 15 | AE50: 0 | AG50: 50 | AH50: 15 | AI50: 62.5 | AJ50: 77.5
A51: SEEG | B51: EG | C51: 5797725 | D51: HI TECH TANTA/ | E51: Target | F51: MSC | G51: 7886002643 | H51: Excluded Tremiantion | I51: IH | J51: Dedicated | K51: GSPN.mahamedmagdy | L51: Active | M51: Below 20 | N51: W | O51: HA | P51: 138 | Q51: Repair | R51: 1 | S51: 1 | T51: 0 | U51: 0.30769231 | V51: 0.0022123894 | W51: 0 | X51: 0.9375 | Z51: 15 | AA51: 15 | AB51: 0 | AC51: 4.6153846 | AD51: 15 | AE51: 0 | AG51: 49.615385 | AH51: 14.0625 | AI51: 62.019231 | AJ51: 76.081731
A52: SEEG | B52: EG | C52: 8351903 | D52: NANOTEC/ | E52: Target | F52: MSC | G52: 7886002754 | H52: Excluded Tremiantion | I52: IH | J52: Dedicated | K52: No SBA ID | L52: InActive | M52: Below 20 | N52: W | O52: HA | P52: 38 | Q52: Repair | R52: 1 | S52: 1 | T52: 100 | U52: 0 | V52: 1 | W52: 0 | X52: 0.83333333 | Z52: 15 | AA52: 15 | AB52: 20 | AC52: 0 | AD52: 0 | AE52: 0 | AG52: 50 | AH52: 12.5 | AI52: 62.5 | AJ52: 75
A53: SEEG | B53: EG | C53: 8351903 | D53: NANOTEC/ | E53: Target | F53: MSC | G53: 7886001747 | H53: Excluded Q4 & Q1 | I53: IH | J53: Dedicated | K53: GSPN.sfoaad | L53: Active | M53: Below 20 | N53: W | O53: HA | P53: 95 | Q53: Repair | R53: 1 | S53: 1 | T53: 33.333333 | U53: 0.25 | V53: 0.0066371681 | W53: 0 | X53: 0.9 | Z53: 15 | AA53: 15 | AB53: 0 | AC53: 3.75 | AD53: 15 | AE53: 0 | AG53: 48.75 | AH53: 13.5 | AI53: 60.9375 | AJ53: 74.4375
A54: SEEG | B54: EG | C54: 5797725 | D54: HI TECH TANTA/ | E54: Target | F54: MSC | G54: 7886002538 | H54: Included | I54: IH | J54: Dedicated | K54: GSPN.Hatemagamy | L54: active | M54: Below 20 | N54: W | O54: HA | P54: 63 | Q54: Repair | R54: 1 | S54: 1 | T54: 0 | U54: 0.28571429 | V54: 0.015486726 | W54: 0 | X54: 0.75 | Z54: 15 | AA54: 15 | AB54: 0 | AC54: 4.2857143 | AD54: 15 | AE54: 0 | AG54: 49.285714 | AH54: 11.25 | AI54: 61.607143 | AJ54: 72.857143
A55: SEEG | B55: EG | C55: 4162738 | D55: ELECTRA/ | E55: Target | F55: ASC | G55: 7886002743 | H55: Included | I55: IH | J55: Non Dedicated | K55: GSPN.AhmedEzzatZaki | L55: Active | M55: Below 20 | N55: W | O55: HA | P55: 42 | Q55: Repair | R55: 1 | S55: 1 | T55: 100 | U55: 0 | V55: 1 | W55: 0 | X55: 0.64285714 | Z55: 15 | AA55: 15 | AB55: 20 | AC55: 0 | AD55: 0 | AE55: 0 | AG55: 50 | AH55: 9.6428571 | AI55: 62.5 | AJ55: 72.142857
A56: SEEG | B56: EG | C56: 9203501 | D56: RAMY EL TABIE ABDO G | E56: Target | F56: MSC | G56: 7886002565 | H56: Included | I56: IH | J56: Dedicated | K56: GSPN.Mostafahelaly24 | L56: active | M56: Below 20 | N56: W | O56: AV + HA | P56: 22 | Q56: Repair | R56: 1 | S56: 1 | T56: 0 | U56: 0 | V56: 0.0022123894 | W56: 0 | X56: 1 | Z56: 15 | AA56: 15 | AB56: 0 | AC56: 0 | AD56: 15 | AE56: 0 | AG56: 45 | AH56: 15 | AI56: 56.25 | AJ56: 71.25
A57: SEEG | B57: EG | C57: 8396105 | D57: TO CONNECT SHOP/ | E57: Target | F57: MSC | G57: 7886000919 | H57: Excluded Q4 & Q1 | I57: IH | J57: Dedicated | K57: GSPN.M.hussein2000 | L57: Active | M57: Below 20 | N57: W | O57: AV | P57: 55 | Q57: Repair | R57: 1 | S57: 1 | T57: 100 | U57: 0 | V57: 1 | W57: 0.83333333 | Z57: 15 | AA57: 15 | AB57: 20 | AC57: 0 | AD57: 0 | AE57: 12.5 | AG57: 62.5 | AH57: 0 | AI57: 78.125 | AJ57: 78.125
A58: SEEG | B58: EG | C58: 5797725 | D58: HI TECH TANTA/ | E58: Target | F58: MSC | G58: 7886002539 | H58: Included | I58: IH | J58: Dedicated | K58: GSPN.Ahmedhamouda | L58: active | M58: Below 20 | N58: W | O58: HA | P58: 73 | Q58: Repair | R58: 1 | S58: 1 | T58: 0 | U58: 0 | V58: 0.011061947 | W58: 0 | X58: 1 | Z58: 15 | AA58: 15 | AB58: 0 | AC58: 0 | AD58: 15 | AE58: 0 | AG58: 45 | AH58: 15 | AI58: 56.25 | AJ58: 71.25
A59: SEEG | B59: EG | C59: 5797728 | D59: ELECTRA GIZA/ | E59: Target | F59: MSC | G59: 7886002491 | H59: Excluded Q4 & Q1 | I59: IH | J59: Dedicated | K59: GSPN.WaelHassan | L59: Active | M59: Below 20 | N59: W | O59: HA | P59: 58 | Q59: Repair | R59: 1 | S59: 1 | T59: 80 | U59: 0 | V59: 1 | W59: 0 | X59: 0.81818182 | Z59: 15 | AA59: 15 | AB59: 20 | AC59: 0 | AD59: 0 | AE59: 0 | AG59: 50 | AH59: 12.272727 | AI59: 62.5 | AJ59: 74.772727
A60: SEEG | B60: EG | C60: 5797729 | D60: TECH VALLEY MANSOURA | E60: Target | F60: MSC | G60: 7886002500 | H60: Included | I60: IH | J60: Dedicated | K60: GSPN.SayedShehab70 | L60: active | M60: Below 20 | N60: W | O60: HA | P60: 20 | Q60: Repair | R60: 1 | S60: 1 | T60: 0 | U60: 0 | V60: 0.0044247788 | W60: 0 | X60: 1 | Z60: 15 | AA60: 15 | AB60: 0 | AC60: 0 | AD60: 15 | AE60: 0 | AG60: 45 | AH60: 15 | AI60: 56.25 | AJ60: 71.25
A61: SEEG | B61: EG | C61: 5797729 | D61: TECH VALLEY MANSOURA | E61: Target | F61: MSC | G61: 7886002502 | H61: Included | I61: IH | J61: Dedicated | K61: GSPN.MustafaAwdi90 | L61: active | M61: Below 20 | N61: W | O61: HA | P61: 72 | Q61: Repair | R61: 1 | S61: 1 | T61: 50 | U61: 0 | V61: 0.017699115 | W61: 0 | X61: 1 | Z61: 15 | AA61: 15 | AB61: 0 | AC61: 0 | AD61: 15 | AE61: 0 | AG61: 45 | AH61: 15 | AI61: 56.25 | AJ61: 71.25
A62: SEEG | B62: EG | C62: 8351903 | D62: NANOTEC/ | E62: Target | F62: MSC | G62: 7886002800 | H62: Included | I62: IH | J62: Dedicated | K62: No SBA ID | L62: InActive | M62: Below 20 | N62: W | O62: HA | P62: 84 | Q62: Repair | R62: 1 | S62: 1 | T62: 50 | U62: 0 | V62: 0.0044247788 | W62: 0 | X62: 1 | Z62: 15 | AA62: 15 | AB62: 0 | AC62: 0 | AD62: 15 | AE62: 0 | AG62: 45 | AH62: 15 | AI62: 56.25 | AJ62: 71.25
A63: SEEG | B63: EG | C63: 5797727 | D63: HI TECH MENOFEYA/ | E63: Target | F63: MSC | G63: 7886002546 | H63: Included | I63: IH | J63: Dedicated | K63: No SBA ID | L63: InActive | M63: Below 20 | N63: W | O63: HA | P63: 102 | Q63: Repair | R63: 1 | S63: 1 | T63: 25 | U63: 0 | V63: 0.0022123894 | W63: 0 | X63: 0.9375 | Z63: 15 | AA63: 15 | AB63: 0 | AC63: 0 | AD63: 15 | AE63: 0 | AG63: 45 | AH63: 14.0625 | AI63: 56.25 | AJ63: 70.3125
A64: SEEG | B64: EG | C64: 9203499 | D64: HI TECH FOR MAINTENA | E64: Target | F64: MSC | G64: 7886002432 | H64: Included | I64: IH | J64: Dedicated | K64: GSPN.HiShawkyZag | L64: active | M64: Above 30 | N64: W | O64: HA | P64: 71 | Q64: Repair | R64: 1 | S64: 1 | T64: -100 | U64: 0 | V64: 0.0088495575 | W64: 0 | X64: 0.83333333 | Z64: 15 | AA64: 15 | AB64: 0 | AC64: 0 | AD64: 15 | AE64: 0 | AG64: 45 | AH64: 12.5 | AI64: 56.25 | AJ64: 68.75
A65: SEEG | B65: EG | C65: 5797725 | D65: HI TECH TANTA/ | E65: Target | F65: MSC | G65: 7886002544 | H65: Included | I65: IH | J65: Dedicated | K65: GSPN.Ahmedagamy | L65: active | M65: Below 20 | N65: W | O65: HA | P65: 79 | Q65: Repair | R65: 1 | S65: 1 | T65: 0 | U65: 0 | V65: 0.0044247788 | W65: 0 | X65: 0.83333333 | Z65: 15 | AA65: 15 | AB65: 0 | AC65: 0 | AD65: 15 | AE65: 0 | AG65: 45 | AH65: 12.5 | AI65: 56.25 | AJ65: 68.75
A66: SEEG | B66: EG | C66: 9203499 | D66: HI TECH FOR MAINTENA | E66: Target | F66: MSC | G66: 7886002657 | H66: Included | I66: IH | J66: Dedicated | K66: No SBA ID | L66: InActive | M66: Above 30 | N66: W | O66: HA | P66: 105 | Q66: Repair | R66: 1 | S66: 1 | T66: -100 | U66: 0 | V66: 0.0066371681 | W66: 0 | X66: 0.64285714 | Z66: 15 | AA66: 15 | AB66: 0 | AC66: 0 | AD66: 15 | AE66: 0 | AG66: 45 | AH66: 9.6428571 | AI66: 56.25 | AJ66: 65.892857
A67: SEEG | B67: EG | C67: 8351903 | D67: NANOTEC/ | E67: Target | F67: MSC | G67: 7886002787 | H67: Included | I67: IH | J67: Dedicated | K67: No SBA ID | L67: InActive | M67: Below 20 | N67: W | O67: HA | P67: 81 | Q67: Repair | R67: 0 | S67: 1 | T67: 100 | U67: 0.36363636 | V67: 1 | W67: 0 | X67: 1 | Z67: 0 | AA67: 15 | AB67: 20 | AC67: 5.4545455 | AD67: 0 | AE67: 0 | AG67: 40.454545 | AH67: 15 | AI67: 50.568182 | AJ67: 65.568182
A68: SEEG | B68: EG | C68: 5797728 | D68: ELECTRA GIZA/ | E68: Target | F68: MSC | G68: 7886002493 | H68: Included | I68: IH | J68: Dedicated | K68: GSPN.MahmoudKhamis | L68: Active | M68: Below 20 | N68: W | O68: HA | P68: 49 | Q68: Repair | R68: 1 | S68: 1 | T68: 100 | U68: 0 | V68: 1 | W68: 0 | X68: 0.16666667 | Z68: 15 | AA68: 15 | AB68: 20 | AC68: 0 | AD68: 0 | AE68: 0 | AG68: 50 | AH68: 2.5 | AI68: 62.5 | AJ68: 65
A69: SEEG | B69: EG | C69: 9203497 | D69: U TECH FOR SERVICE & | E69: Target | F69: MSC | G69: 7886002658 | H69: Included | I69: IH | J69: Dedicated | K69: No SBA ID | L69: InActive | M69: Above 30 | N69: W | O69: AV + HA | P69: 16 | Q69: Repair | R69: 1 | S69: 1 | T69: 100 | U69: 0 | V69: 1 | W69: 1 | X69: 1 | Z69: 15 | AA69: 15 | AB69: 20 | AC69: 0 | AD69: 0 | AE69: 15 | AG69: 65 | AH69: 15 | AI69: 48.75 | AJ69: 63.75
... A71: SEEG | B71: EG | C71: 9372701 | D71: RAYA GIZA (HA)/ | E71: Target | F71: MSC | G71: 7886002230 | H71: Included | I71: PR | J71: Dedicated | K71: GSPN.saidabdelraman | L71: InActive | M71: Above 20 | N71: W | O71: AV | P71: 378 | Q71: Repair | R71: 0 | S71: 1 | T71: 88.888889 | U71: 0 | V71: 1 | W71: 0.92857143 | X71: 0 | Z71: 0 | AA71: 15 | AB71: 20 | AC71: 0 | AD71: 0 | AE71: 13.928571 | AG71: 48.928571 | AH71: 0 | AI71: 61.160714 | AJ71: 61.160714
A72: SEEG | B72: EG | C72: 3489862 | D72: RAYA - GHARBEYA/ | E72: Target | F72: MSC | G72: 7886000439 | H72: Included | I72: IH | J72: Dedicated | K72: GSPN.mohamed_salah24 | L72: Active | M72: Above 30 | N72: W | O72: AV | P72: 112 | Q72: Repair | R72: 0 | S72: 1 | T72: 87.5 | U72: 0 | V72: 1 | W72: 0.88461538 | Z72: 0 | AA72: 15 | AB72: 20 | AC72: 0 | AD72: 0 | AE72: 13.269231 | AG72: 48.269231 | AH72: 0 | AI72: 60.336538 | AJ72: 60.336538
A73: SEEG | B73: EG | C73: 9372701 | D73: RAYA GIZA (HA)/ | E73: Target | F73: MSC | G73: 7886002429 | H73: Excluded Q4 & Q1 | I73: PR | J73: Dedicated | K73: GSPN.HiDoharyZag011 | L73: Active | M73: Above 20 | N73: Not Found | O73: HA | P73: 36 | Q73: Installation | R73: 1 | S73: 1 | T73: 0 | U73: 0 | V73: 0.0044247788 | W73: 0 | X73: 0.75 | Z73: 15 | AA73: 15 | AB73: 0 | AC73: 0 | AD73: 15 | AE73: 0 | AG73: 45 | AH73: 11.25 | AI73: 56.25 | AJ73: 67.5
A74: SEEG | B74: EG | C74: 4162738 | D74: ELECTRA/ | E74: Target | F74: ASC | G74: 7886002792 | H74: Included | I74: IH | J74: Non Dedicated | K74: GSPN.TareKMAbuAKhair | L74: Active | M74: Below 20 | N74: W | O74: AV | P74: 37 | Q74: Repair | R74: 1 | S74: 1 | T74: 0 | U74: 0 | V74: 1 | W74: 1 | Z74: 15 | AA74: 15 | AB74: 0 | AC74: 0 | AD74: 0 | AE74: 15 | AG74: 45 | AH74: 0 | AI74: 56.25 | AJ74: 56.25
A75: SEEG | B75: EG | C75: 8351903 | D75: NANOTEC/ | E75: Target | F75: MSC | G75: 7886001745 | H75: Excluded Q4 & Q1 | I75: IH | J75: Dedicated | K75: GSPN.aismaiel | L75: Active | M75: Below 20 | N75: W | O75: HA | P75: 84 | Q75: Repair | R75: 1 | S75: 1 | T75: 20 | U75: 0 | V75: 0.015486726 | W75: 0 | X75: 0.68181818 | Z75: 15 | AA75: 15 | AB75: 0 | AC75: 0 | AD75: 15 | AE75: 0 | AG75: 45 | AH75: 10.227273 | AI75: 56.25 | AJ75: 66.477273
A76: SEEG | B76: EG | C76: 9203499 | D76: HI TECH FOR MAINTENA | E76: Target | F76: MSC | G76: 7886002641 | H76: Included | I76: IH | J76: Dedicated | K76: GSPN.HiSamehZag011 | L76: Active | M76: Above 30 | N76: W | O76: AV | P76: 78 | Q76: Repair | R76: 1 | S76: 1 | T76: 0 | U76: 0 | V76: 1 | W76: 1 | Z76: 15 | AA76: 15 | AB76: 0 | AC76: 0 | AD76: 0 | AE76: 15 | AG76: 45 | AH76: 0 | AI76: 56.25 | AJ76: 56.25
A77: SEEG | B77: EG | C77: 2227239 | D77: EL MOHANDES - HURGHA | E77: Target | F77: MSC | G77: 7886002507 | H77: Included | I77: IH | J77: Dedicated | K77: GSPN.Mohameduasef | L77: Active | M77: Below 20 | N77: W | O77: AV | P77: 111 | Q77: Repair | R77: 0 | S77: 1 | T77: 37.5 | U77: 0 | V77: 0.0022123894 | W77: 1 | X77: 0 | Z77: 0 | AA77: 15 | AB77: 0 | AC77: 0 | AD77: 15 | AE77: 15 | AG77: 45 | AH77: 0 | AI77: 56.25 | AJ77: 56.25
A78: SEEG | B78: EG | C78: 4970875 | D78: ELECTRA ASSUIT/ | E78: Target | F78: MSC | G78: 7886002673 | H78: Excluded Q4 & Q1 | I78: IH | J78: Dedicated | K78: GSPN.mahmoudgaber2023 | L78: Active | M78: Below 20 | N78: W | O78: AV + HA | P78: 19 | Q78: Repair | R78: 1 | S78: 1 | T78: 100 | U78: 0 | V78: 1 | W78: 0 | Z78: 15 | AA78: 15 | AB78: 20 | AC78: 0 | AD78: 0 | AE78: 0 | AG78: 50 | AH78: 0 | AI78: 37.5 | AJ78: 37.5
A79: SEEG | B79: EG | C79: 8215895 | D79: RAYA CAIRO/ | E79: Target | F79: MSC | G79: 7886002380 | H79: Included | I79: IH | J79: Dedicated | K79: GSPN.Mohamed_farouk01 | L79: Active | M79: Above 30 | N79: W | O79: AV | P79: 34 | Q79: Repair | R79: 1 | S79: 1 | T79: 50 | U79: 0 | V79: 1 | W79: 1 | Z79: 15 | AA79: 15 | AB79: 0 | AC79: 0 | AD79: 0 | AE79: 15 | AG79: 45 | AH79: 0 | AI79: 56.25 | AJ79: 56.25
A80: SEEG | B80: EG | C80: 8398383 | D80: EL MOHANDES SERVICE | E80: Target | F80: ASC | G80: 7886002481 | H80: Included | I80: IH | J80: Non Dedicated | K80: GSPN.RabahSalah2024 | L80: Active | M80: Below 20 | N80: W | O80: HA | P80: 40 | Q80: Repair | R80: 1 | S80: 1 | T80: 50 | U80: 0 | V80: 0.011061947 | W80: 0 | X80: 0 | Z80: 15 | AA80: 15 | AB80: 0 | AC80: 0 | AD80: 15 | AE80: 0 | AG80: 45 | AH80: 0 | AI80: 56.25 | AJ80: 56.25
A81: SEEG | B81: EG | C81: 5797728 | D81: ELECTRA GIZA/ | E81: Target | F81: MSC | G81: 7886002484 | H81: Included | I81: IH | J81: Dedicated | K81: GSPN.TaherFarghaly1 | L81: active | M81: Below 20 | N81: W | O81: HA | P81: 41 | Q81: Repair | R81: 1 | S81: 1 | T81: 37.5 | U81: 0 | V81: 0.033185841 | W81: 0 | X81: 0.28125 | Z81: 15 | AA81: 15 | AB81: 0 | AC81: 0 | AD81: 10 | AE81: 0 | AG81: 40 | AH81: 4.21875 | AI81: 50 | AJ81: 54.21875
A82: SEEG | B82: EG | C82: 5797729 | D82: TECH VALLEY MANSOURA | E82: Target | F82: MSC | G82: 7886002503 | H82: Included | I82: IH | J82: Dedicated | K82: GSPN.HassanMohamed77 | L82: active | M82: Below 20 | N82: W | O82: HA | P82: 17 | Q82: Repair | R82: 1 | S82: 1 | T82: -100 | U82: 0.4 | V82: 0.0044247788 | W82: 0 | X82: 1 | Z82: 15 | AA82: 15 | AB82: 0 | AC82: 6 | AD82: 15 | AE82: 0 | AG82: 51 | AH82: 15 | AI82: 38.25 | AJ82: 53.25
A83: SEEG | B83: EG | C83: 4969685 | D83: K-ELECTRONICS ELIBRA | E83: Target | F83: MSC | G83: 7886002535 | H83: Excluded Q4 & Q1 | I83: PR | J83: Dedicated | K83: GSPN.mohamed_saleh20 | L83: Active | M83: Above 20 | N83: W | O83: AV | P83: 55 | Q83: Installation | R83: 1 | S83: 1 | T83: 66.666667 | U83: 0 | V83: 1 | W83: 0 | Z83: 15 | AA83: 15 | AB83: 18 | AC83: 0 | AD83: 0 | AE83: 0 | AG83: 48 | AH83: 0 | AI83: 60 | AJ83: 60
A84: SEEG | B84: EG | C84: 8351903 | D84: NANOTEC/ | E84: Target | F84: MSC | G84: 7886000930 | H84: Excluded Q4 & Q1 | I84: IH | J84: Dedicated | K84: GSPN.ahasan | L84: Active | M84: Below 20 | N84: W | O84: HA | P84: 65 | Q84: Repair | R84: 0 | S84: 1 | T84: 33.333333 | U84: 0 | V84: 0.0066371681 | W84: 0 | X84: 1 | Z84: 0 | AA84: 15 | AB84: 0 | AC84: 0 | AD84: 15 | AE84: 0 | AG84: 30 | AH84: 15 | AI84: 37.5 | AJ84: 52.5
A85: SEEG | B85: EG | C85: 4969685 | D85: K-ELECTRONICS ELIBRA | E85: Target | F85: MSC | G85: 7886002772 | H85: Included | I85: IH | J85: Dedicated | K85: GSPN.mohamed_gamal20 | L85: Active | M85: Above 20 | N85: W | O85: HA | P85: 16 | Q85: Repair | R85: 1 | S85: 1 | T85: 0 | U85: 0 | V85: 0.011061947 | W85: 0 | X85: 1 | Z85: 15 | AA85: 15 | AB85: 0 | AC85: 0 | AD85: 15 | AE85: 0 | AG85: 45 | AH85: 15 | AI85: 33.75 | AJ85: 48.75
A86: SEEG | B86: EG | C86: 5797729 | D86: TECH VALLEY MANSOURA | E86: Target | F86: MSC | G86: 7886002504 | H86: Included | I86: CI | J86: Dedicated | K86: GSPN.Hosnimohamed77 | L86: active | M86: Below 20 | N86: W | O86: HA | P86: 19 | Q86: Repair | R86: 1 | S86: 1 | T86: 0 | U86: 0 | V86: 0.0022123894 | W86: 0 | X86: 1 | Z86: 15 | AA86: 15 | AB86: 0 | AC86: 0 | AD86: 15 | AE86: 0 | AG86: 45 | AH86: 15 | AI86: 33.75 | AJ86: 48.75
A87: SEEG | B87: EG | C87: 9203499 | D87: HI TECH FOR MAINTENA | E87: Target | F87: MSC | G87: 7886001399 | H87: Included | I87: IH | J87: Dedicated | K87: GSPN.HiTwabZag011 | L87: Active | M87: Above 30 | N87: I | O87: HA | P87: 9 | Q87: Repair | R87: 1 | S87: 1 | T87: 100 | U87: 0 | V87: 0.0022123894 | W87: 0 | X87: 1 | Z87: 15 | AA87: 15 | AB87: 20 | AC87: 0 | AD87: 15 | AE87: 0 | AG87: 65 | AH87: 15 | AI87: 32.5 | AJ87: 47.5
A88: SEEG | B88: EG | C88: 9203499 | D88: HI TECH FOR MAINTENA | E88: Target | F88: MSC | G88: 7886002642 | H88: Included | I88: IH | J88: Dedicated | K88: No SBA ID | L88: InActive | M88: Above 30 | N88: W | O88: AV | P88: 8 | Q88: Repair | R88: 1 | S88: 1 | T88: 100 | U88: 0 | V88: 0.0044247788 | W88: 0 | X88: 1 | Z88: 15 | AA88: 15 | AB88: 20 | AC88: 0 | AD88: 15 | AE88: 0 | AG88: 65 | AH88: 15 | AI88: 32.5 | AJ88: 47.5
A89: SEEG | B89: EG | C89: 5797728 | D89: ELECTRA GIZA/ | E89: Target | F89: MSC | G89: 7886002721 | H89: Excluded Q4 & Q1 | I89: IH | J89: Dedicated | K89: GSPN.RushdiAlSakka | L89: Active | M89: Below 20 | N89: W | O89: HA | P89: 76 | Q89: Repair | R89: 0 | S89: 1 | T89: 100 | U89: 0 | V89: 1 | W89: 0 | X89: 0.090909091 | Z89: 0 | AA89: 15 | AB89: 20 | AC89: 0 | AD89: 0 | AE89: 0 | AG89: 35 | AH89: 1.3636364 | AI89: 43.75 | AJ89: 45.113636
A90: SEEG | B90: EG | C90: 9390474 | D90: EGYPTIAN MICRO SOLUT | E90: Target | F90: ASC | G90: 7886002144 | H90: Included | I90: IH | J90: Non Dedicated | K90: GSPN.elshayeb2021 | L90: Active | M90: Below 20 | N90: W | O90: AV | P90: 23 | Q90: Repair | R90: 1 | S90: 1 | T90: 0 | U90: 0 | V90: 1 | W90: 0 | Z90: 15 | AA90: 15 | AB90: 0 | AC90: 0 | AD90: 0 | AE90: 0 | AG90: 30 | AH90: 0 | AI90: 37.5 | AJ90: 37.5
A91: SEEG | B91: EG | C91: 1390788 | D91: ATS BE - GREAT CAIRO | E91: Target | F91: MSC | G91: 7886002410 | H91: Excluded Q4 & Q1 | I91: PR | J91: Dedicated | K91: GSPN.Soltans | L91: Active | M91: Above 30 | N91: W | O91: AV | P91: 96 | Q91: Installation | R91: 1 | S91: 1 | T91: 55.555556 | U91: 0 | V91: 1 | W91: 0 | Z91: 15 | AA91: 15 | AB91: 0 | AC91: 0 | AD91: 0 | AE91: 0 | AG91: 30 | AH91: 0 | AI91: 37.5 | AJ91: 37.5
A92: SEEG | B92: EG | C92: 4162738 | D92: ELECTRA/ | E92: Target | F92: ASC | G92: 7886002794 | H92: Included | I92: IH | J92: Non Dedicated | K92: GSPN.HamedSaad | L92: Active | M92: Below 20 | N92: W | O92: AV | P92: 55 | Q92: Repair | R92: 1 | S92: 1 | T92: 20 | U92: 0 | V92: 1 | W92: 0 | Z92: 15 | AA92: 15 | AB92: 0 | AC92: 0 | AD92: 0 | AE92: 0 | AG92: 30 | AH92: 0 | AI92: 37.5 | AJ92: 37.5
A93: SEEG | B93: EG | C93: 3489862 | D93: RAYA - GHARBEYA/ | E93: Target | F93: MSC | G93: 7886000482 | H93: Included | I93: IH | J93: Dedicated | K93: No SBA ID | L93: InActive | M93: Above 30 | N93: W | O93: AV | P93: 38 | Q93: Repair | R93: 0 | S93: 1 | T93: 50 | U93: 0 | V93: 1 | W93: 1 | Z93: 0 | AA93: 15 | AB93: 0 | AC93: 0 | AD93: 0 | AE93: 15 | AG93: 30 | AH93: 0 | AI93: 37.5 | AJ93: 37.5
A94: SEEG | B94: EG | C94: 1390788 | D94: ATS BE - GREAT CAIRO | E94: Target | F94: MSC | G94: 7886002360 | H94: Included | I94: PR | J94: Dedicated | K94: GSPN.osamaf | L94: Active | M94: Above 30 | N94: W | O94: AV | P94: 19 | Q94: Installation | R94: 1 | S94: 1 | T94: -66.666667 | U94: 0 | V94: 1 | W94: 1 | Z94: 15 | AA94: 15 | AB94: 0 | AC94: 0 | AD94: 0 | AE94: 15 | AG94: 45 | AH94: 0 | AI94: 33.75 | AJ94: 33.75
A95: SEEG | B95: EG | C95: 9203501 | D95: RAMY EL TABIE ABDO G | E95: Target | F95: MSC | G95: 7886002564 | H95: Included | I95: IH | J95: Dedicated | K95: GSPN.Dinaelsayed27 | L95: Active | M95: Below 20 | N95: W | O95: AV + HA | P95: 18 | Q95: Repair | R95: 1 | S95: 1 | T95: 50 | U95: 0 | V95: 1 | W95: 1 | Z95: 15 | AA95: 15 | AB95: 0 | AC95: 0 | AD95: 0 | AE95: 15 | AG95: 45 | AH95: 0 | AI95: 33.75 | AJ95: 33.75
A96: SEEG | B96: EG | C96: 9203505 | D96: JAPANESE CENTER FOR | E96: Target | F96: ASC | G96: 7886000617 | H96: Included | I96: IH | J96: Non Dedicated | K96: No SBA ID | L96: InActive | M96: Below 20 | N96: W | O96: AV | P96: 18 | Q96: Repair | R96: 1 | S96: 1 | T96: -50 | U96: 0 | V96: 1 | W96: 1 | Z96: 15 | AA96: 15 | AB96: 0 | AC96: 0 | AD96: 0 | AE96: 15 | AG96: 45 | AH96: 0 | AI96: 33.75 | AJ96: 33.75
A97: SEEG | B97: EG | C97: 4162738 | D97: ELECTRA/ | E97: Target | F97: ASC | G97: 7886002234 | H97: Included | I97: IH | J97: Non Dedicated | K97: GSPN.KhalidMohammed | L97: Active | M97: Below 20 | N97: W | O97: HA | P97: 4 | Q97: Repair | R97: 1 | S97: 1 | T97: 95.833333 | U97: 0 | V97: 0.015486726 | W97: 0 | X97: 0 | Z97: 15 | AA97: 15 | AB97: 20 | AC97: 0 | AD97: 15 | AE97: 0 | AG97: 65 | AH97: 0 | AI97: 32.5 | AJ97: 32.5
A98: SEEG | B98: EG | C98: 4162738 | D98: ELECTRA/ | E98: Target | F98: ASC | G98: 7886002670 | H98: Included | I98: IH | J98: Non Dedicated | K98: No SBA ID | L98: InActive | M98: Below 20 | N98: W | O98: AV | P98: 0 | Q98: Repair | R98: 1 | S98: 1 | T98: 100 | U98: 0 | V98: 1 | W98: 0 | Z98: 15 | AA98: 15 | AB98: 20 | AC98: 0 | AD98: 0 | AE98: 0 | AG98: 50 | AH98: 0 | AI98: 25 | AJ98: 25
A99: SEEG | B99: EG | C99: 9372701 | D99: RAYA GIZA (HA)/ | E99: Target | F99: MSC | G99: 7886002666 | H99: Included | I99: PR | J99: Dedicated | K99: GSPN.mahmoudebraheem | L99: Active | M99: Above 20 | N99: Not Found | O99: HA | P99: 0 | Q99: Installation | R99: 1 | S99: 1 | T99: 0 | U99: 0 | V99: 0.0022123894 | W99: 0 | Z99: 15 | AA99: 15 | AB99: 0 | AC99: 0 | AD99: 15 | AE99: 0 | AG99: 45 | AH99: 0 | AI99: 22.5 | AJ99: 22.5
A100: SEEG | B100: EG | C100: 3489862 | D100: RAYA - GHARBEYA/ | E100: Target | F100: MSC | G100: 7886002385 | H100: Included | I100: IH | J100: Dedicated | K100: GSPN.mohamed_metwely01 | L100: Active | M100: Above 30 | N100: W | O100: AV | P100: 11 | Q100: Repair | R100: 1 | S100: 1 | T100: 0 | U100: 0 | V100: 1 | W100: 0 | Z100: 15 | AA100: 15 | AB100: 0 | AC100: 0 | AD100: 0 | AE100: 0 | AG100: 30 | AH100: 0 | AI100: 22.5 | AJ100: 22.5
A101: SEEG | B101: EG | C101: 2490932 | D101: ADEL CENTER BANI SUE | E101: Target | F101: MSC | G101: 7886002061 | H101: Included | I101: IH | J101: Dedicated | K101: GSPN.naderdiab2020 | L101: InActive | M101: Below 20 | N101: W | O101: AV | P101: 0 | Q101: Repair | R101: 1 | S101: 1 | T101: 0 | U101: 0 | V101: 1 | W101: 0 | Z101: 15 | AA101: 15 | AB101: 0 | AC101: 0 | AD101: 0 | AE101: 0 | AG101: 30 | AH101: 0 | AI101: 15 | AJ101: 15
A102: SEEG | B102: EG | C102: 2490932 | D102: ADEL CENTER BANI SUE | E102: Target | F102: MSC | G102: 7886002661 | H102: Included | I102: IH | J102: Dedicated | K102: No SBA ID | L102: InActive | M102: Below 20 | N102: W | O102: AV + HA | P102: 0 | Q102: Repair | R102: 1 | S102: 1 | T102: 0 | U102: 0 | V102: 1 | W102: 0 | Z102: 15 | AA102: 15 | AB102: 0 | AC102: 0 | AD102: 0 | AE102: 0 | AG102: 30 | AH102: 0 | AI102: 15 | AJ102: 15
...

Sheet Engineers
A1: Engineer Code | B1: Engineer Name | C1: ASC Name | D1: Partner | E1: Service Type | F1: Status | G1: Product Group | H1: Dedicated / Non Dedicated | I1: Major / Minor | J1: Evaluation Target (Yes/No) | K1: SBA ID | L1: Product
A2: 7086001106 | B2: Loay Elabasy | C2: RAYA - GHARBEYA/ | D2: 3489862 | E2: IH | F2: Included | G2: AV | H2: Dedicated | I2: Above 30 | J2: Target | K2: GSPN.loay_elabasy24 | L2: AV
A3: 7886000279 | B3: Mohamed said | C3: NANOTEC/ | D3: 8351903 | E3: IH | F3: Excluded Q4 & Q1 | G3: HA | H3: Dedicated | I3: Below 20 | J3: Target | K3: GSPN.nanotechesa1 | L3: DA
A4: 7886000378 | B4: Mohamed Abdelrahman | C4: RAYA GIZA (HA)/ | D4: 9372701 | E4: PR | F4: Included | G4: HA | H4: Dedicated | I4: Above 20 | J4: Target | K4: GSPN.Mesha115 | L4: DA
A5: 7886000439 | B5: Mohamed Salah | C5: RAYA - GHARBEYA/ | D5: 3489862 | E5: IH | F5: Included | G5: AV | H5: Dedicated | I5: Above 30 | J5: Target | K5: GSPN.mohamed_salah24 | L5: AV
A6: 7886000482 | B6: 7886000482 | C6: RAYA - GHARBEYA/ | D6: 3489862 | E6: IH | F6: Included | G6: AV | H6: Dedicated | I6: Above 30 | J6: Target | K6: No SBA ID | L6: AV
A7: 7886000561 | B7: islam.2ct | C7: TO CONNECT SHOP/ | D7: 8396105 | E7: IH | F7: Excluded Tremiantion | G7: HA | H7: Dedicated | I7: Below 20 | J7: Target | K7: GSPN.islam.2ct | L7: DA
A8: 7886000617 | B8: 7886000617 | C8: JAPANESE CENTER FOR | D8: 9203505 | E8: IH | F8: Included | G8: AV | H8: Non Dedicated | I8: Below 20 | J8: Target | K8: No SBA ID | L8: AV
A9: 7886000632 | B9: Mohamed Ahmed | C9: EL MOHANDES SERVICE | D9: 8398383 | E9: IH | F9: Included | G9: AV | H9: Non Dedicated | I9: Below 20 | J9: Target | K9: GSPN.MohAhmed1 | L9: AV
A10: 7886000657 | B10: KABDELMSEH2000 | C10: RAYA GIZA (HA)/ | D10: 9372701 | E10: PR | F10: Included | G10: AV | H10: Dedicated | I10: Above 20 | J10: Target | K10: GSPN.KABDELMSEH2000 | L10: AV
A11: 7886000680 | B11: MICHAEL ADEL MALAK | C11: ADEL MALAK TERIAK/ | D11: 9203507 | E11: IH | F11: Included | G11: AV + HA | H11: Non Dedicated | I11: Below 20 | J11: Target | K11: GSPN.MICHAELADEL | L11: AV+DA
A12: 7886000751 | B12: Mohamed Hassan | C12: NANOTEC/ | D12: 8351903 | E12: CI | F12: Included | G12: HA | H12: Dedicated | I12: Below 20 | J12: Target | K12: GSPN.mohamedhassannano | L12: DA
... A118: 7886002844 | B118: Mohamed Abdelmoneem | C118: ELECTRA ASSUIT/ | D118: 4970875 | E118: IH | F118: Excluded Q4 & Q1 | G118: AV + HA | H118: Dedicated | I118: Below 20 | J118: Target | K118: GSPN.mmeneem2025 | L118: AV+DA

Sheet Quarterly Results
A1: Engineer Code | B1: Engineer Name | C1: Partner | D1: ASC Name | E1: Service Type | F1: Q1 Final Score | G1: Q1 SSR | H1: Q1 REDO | I1: Q1 Chatbot | J1: Q1 HASS | K1: Q1 Acc Core Parts | L1: Q1 Training Attendance | M1: Q1 Linkage Ratio | N1: Q2 Final Score | O1: Q2 RNPS | P1: Q2 REDO | Q1: Q2 Training Attendance | R1: Q2 ST Con | S1: Q2 MJ % | T1: Q2 Complete Repair | U1: Q2 Kahoot | V1: Q2 HASS | W1: Q2 Repair Volume | X1: Q3 Final Score | Y1: Q3 KPI 1 | Z1: Q3 KPI 2 | AA1: Q3 KPI 3 | AB1: Q3 KPI 4 | AC1: Q3 KPI 5 | AD1: Q3 KPI 6 | AE1: Q3 KPI 7 | AF1: Q3 KPI 8 | AG1: Q3 KPI 9 | AH1: Q4 Final Score | AI1: Q4 KPI 1 | AJ1: Q4 KPI 2 | AK1: Q4 KPI 3 | AL1: Q4 KPI 4 | AM1: Q4 KPI 5 | AN1: Q4 KPI 6 | AO1: Q4 KPI 7 | AP1: Q4 KPI 8 | AQ1: Q4 KPI 9
A2: 7086001106 | B2: Loay Elabasy | C2: 3489862 | D2: RAYA - GHARBEYA/ | E2: IH | F2: 75 | G2: 100 | H2: 100 | I2: 0 | J2: 0 | K2: 11.1111 | M2: 100 | N2: 81.25 | O2: 100 | P2: 100 | Q2: 100 | R2: 0 | S2: 100 | T2: 100 | W2: 81.25
A3: 7886000279 | B3: Mohamed said | C3: 8351903 | D3: NANOTEC/ | E3: IH | F3: 85 | G3: 100 | H3: 100 | I3: 0 | J3: 100 | K3: 0 | L3: 50 | M3: 100 | N3: 79.375 | O3: 100 | P3: 100 | Q3: 100 | R3: 10 | S3: 100 | T3: 0 | V3: 100 | W3: 64.375
A4: 7886000378 | B4: Mohamed Abdelrahman | C4: 9372701 | D4: RAYA GIZA (HA)/ | E4: PR | F4: 75 | G4: 100 | H4: 100 | I4: 0 | J4: 100 | K4: 0 | M4: 100 | N4: 15 | O4: 0 | P4: 100 | Q4: 100 | R4: 0 | S4: 5.9735 | T4: 0 | W4: 15
A5: 7886000439 | B5: Mohamed Salah | C5: 3489862 | D5: RAYA - GHARBEYA/ | E5: IH | F5: 60 | G5: 0 | H5: 100 | I5: 0 | J5: 0 | K5: 6.8182 | L5: 100 | M5: 100 | N5: 60.336538 | O5: 87.5 | P5: 0 | Q5: 100 | R5: 0 | S5: 100 | T5: 88.4615 | W5: 60.336538
A6: 7886000482 | B6: 7886000482 | C6: 3489862 | D6: RAYA - GHARBEYA/ | E6: IH | F6: 60 | G6: 100 | H6: 0 | I6: 0 | J6: 0 | K6: 0 | M6: 100 | N6: 37.5 | O6: 50 | P6: 0 | Q6: 100 | R6: 0 | S6: 100 | T6: 100 | W6: 37.5
A7: 7886000561 | B7: islam.2ct | C7: 8396105 | D7: TO CONNECT SHOP/ | E7: IH | F7: 75 | G7: 100 | H7: 100 | I7: 0 | J7: 100 | K7: 0 | M7: 100 | N7: 77.5 | O7: 100 | P7: 0 | Q7: 100 | R7: 0 | S7: 1.1062 | T7: 0 | V7: 100 | W7: 62.5
A8: 7886000617 | B8: 7886000617 | C8: 9203505 | D8: JAPANESE CENTER FOR | E8: IH | F8: 57 | G8: 100 | H8: 0 | I8: 0 | J8: 0 | K8: 75 | M8: 100 | N8: 33.75 | O8: -50 | P8: 100 | Q8: 100 | R8: 0 | S8: 100 | T8: 100 | W8: 33.75
A9: 7886000632 | B9: Mohamed Ahmed | C9: 8398383 | D9: EL MOHANDES SERVICE | E9: IH | F9: 75 | G9: 100 | H9: 100 | I9: 0 | J9: 0 | K9: 0 | L9: 0 | M9: 100 | N9: 95.3125 | O9: 100 | P9: 100 | Q9: 100 | R9: 0 | S9: 0.2212 | T9: 75 | W9: 95.3125
A10: 7886000657 | B10: KABDELMSEH2000 | C10: 9372701 | D10: RAYA GIZA (HA)/ | E10: PR | F10: 75 | G10: 100 | H10: 100 | I10: 0 | J10: 0 | K10: 0 | L10: 0 | M10: 100 | N10: 15 | O10: 0 | P10: 100 | Q10: 100 | R10: 0 | S10: 100 | T10: 0 | W10: 15
A11: 7886000680 | B11: MICHAEL ADEL MALAK | C11: 9203507 | D11: ADEL MALAK TERIAK/ | E11: IH | F11: 75 | G11: 100 | H11: 0 | I11: 0 | J11: 100 | K11: 0 | L11: 0 | M11: 100 | N11: 15 | O11: 0 | P11: 100 | Q11: 100 | R11: 0 | S11: 100 | T11: 0 | W11: 15
A12: 7886000751 | B12: Mohamed Hassan | C12: 8351903 | D12: NANOTEC/ | E12: CI | F12: 75 | G12: 100 | H12: 100 | I12: 0 | J12: 100 | K12: 0 | M12: 100 | N12: 15 | O12: 0 | P12: 100 | Q12: 100 | R12: 0 | S12: 100 | T12: 0 | W12: 15
A13: 7886000919 | B13: Mohamed Hussein | C13: 8396105 | D13: TO CONNECT SHOP/ | E13: IH | F13: 95 | G13: 100 | H13: 100 | I13: 0 | J13: 0 | K13: 11.1111 | L13: 100 | M13: 100 | N13: 78.125 | O13: 100 | P13: 100 | Q13: 100 | R13: 0 | S13: 100 | T13: 83.3333 | W13: 78.125
A14: 7886000930 | B14: Ahmed Hasan | C14: 8351903 | D14: NANOTEC/ | E14: IH | F14: 40 | G14: 100 | H14: 100 | I14: 0 | J14: 100 | K14: 0 | M14: 100 | N14: 52.5 | O14: 33.333333 | P14: 0 | Q14: 100 | R14: 0 | S14: 0.6637 | T14: 0 | V14: 100 | W14: 37.5
A15: 7886001034 | B15: ashraf abdrbo | C15: 9203499 | D15: HI TECH FOR MAINTENA | E15: IH | F15: 95 | G15: 100 | H15: 100 | I15: 0 | J15: 0 | K15: 0 | L15: 100 | M15: 100 | N15: 81.25 | O15: 100 | P15: 100 | Q15: 100 | R15: 0 | S15: 100 | T15: 100 | W15: 81.25
A16: 7886001053 | B16: Mohamed Salah | C16: 8396105 | D16: TO CONNECT SHOP/ | E16: IH | F16: 60 | G16: 100 | H16: 100 | I16: 0 | J16: 0 | K16: 0 | M16: 100 | N16: 77.5 | O16: 100 | P16: 0 | Q16: 100 | R16: 0 | S16: 0.2212 | T16: 0 | V16: 100 | W16: 62.5
A17: 7886001055 | B17: Ahmed Ramdan | C17: 9203499 | D17: HI TECH FOR MAINTENA | E17: IH | F17: 76.764706 | G17: 100 | H17: 100 | I17: 33.3 | J17: 66.6667 | K17: 0 | M17: 100 | N17: 91.5625 | O17: 100 | P17: 100 | Q17: 100 | R17: 0 | S17: 1.7699 | T17: 0 | V17: 68.75 | W17: 81.25
A18: 7886001214 | B18: 7886001214 | C18: 8351903 | D18: NANOTEC/ | E18: IH | F18: 75 | G18: 100 | H18: 100 | I18: 0 | J18: 100 | K18: 0 | M18: 100 | N18: 83 | O18: 100 | P18: 0 | Q18: 100 | R18: 0 | S18: 4.2035 | T18: 100 | V18: 95 | W18: 68.75
A19: 7886001393 | B19: MAHMOUD ZAHER | C19: 8215895 | D19: RAYA CAIRO/ | E19: IH | F19: 60 | G19: 0 | H19: 0 | I19: 100 | J19: 0 | K19: 1.9608 | L19: 100 | M19: 100 | N19: 81.25 | O19: 80.769231 | P19: 100 | Q19: 100 | R19: 0 | S19: 100 | T19: 100 | W19: 81.25
A20: 7886001399 | B20: HiTwabZag | C20: 9203499 | D20: HI TECH FOR MAINTENA | E20: IH | F20: 75 | G20: 100 | H20: 100 | I20: 100 | J20: 0 | K20: 0 | L20: 0 | M20: 100 | N20: 47.5 | O20: 100 | P20: 100 | Q20: 100 | R20: 0 | S20: 0.2212 | T20: 0 | V20: 100 | W20: 32.5
A21: 7886001633 | B21: MMsalim | C21: 2226596 | D21: TO CONNECT - NAG HAM | E21: IH | F21: 60 | G21: 100 | H21: 100 | I21: 0 | J21: 0 | K21: 0 | M21: 100 | N21: 15 | O21: 0 | P21: 100 | Q21: 100 | R21: 0 | S21: 100 | T21: 0 | W21: 15
A22: 7886001745 | B22: Ali Ismaiel Ali saied | C22: 8351903 | D22: NANOTEC/ | E22: IH | F22: 85 | G22: 100 | H22: 100 | I22: 66.7 | J22: 100 | K22: 0 | M22: 100 | N22: 66.477273 | O22: 20 | P22: 100 | Q22: 100 | R22: 0 | S22: 1.5487 | T22: 0 | V22: 68.1818 | W22: 56.25
A23: 7886001746 | B23: Mohamed Afify | C23: 8351903 | D23: NANOTEC/ | E23: IH | F23: 75 | G23: 100 | H23: 100 | I23: 0 | J23: 100 | K23: 0 | M23: 100 | N23: 95 | O23: 100 | P23: 100 | Q23: 100 | R23: 0 | S23: 0.885 | T23: 0 | V23: 91.6667 | W23: 81.25
A24: 7886001747 | B24: Salah Foaad | C24: 8351903 | D24: NANOTEC/ | E24: IH | F24: 60 | G24: 100 | H24: 0 | I24: 0 | J24: 100 | K24: 0 | M24: 100 | N24: 74.4375 | O24: 33.333333 | P24: 100 | Q24: 100 | R24: 25 | S24: 0.6637 | T24: 0 | V24: 90 | W24: 60.9375
A25: 7886001750 | B25: Hamed Ahmed | C25: 1390788 | D25: ATS BE - GREAT CAIRO | E25: IH | F25: 45 | G25: 0 | H25: 0 | I25: 0 | J25: 0 | K25: 10.1695 | L25: 100 | M25: 100 | N25: 80.528846 | O25: 77.5 | P25: 100 | Q25: 100 | R25: 0 | S25: 100 | T25: 96.1538 | W25: 80.528846
A26: 7886002009 | B26: Mokhtar Abdelrahim | C26: 8351903 | D26: NANOTEC/ | E26: IH | F26: 85 | G26: 100 | H26: 100 | I26: 66.7 | J26: 100 | K26: 0 | L26: 0 | M26: 100 | N26: 109.4697 | O26: 100 | P26: 100 | Q26: 100 | R26: 77.7778 | S26: 0.4425 | T26: 0 | V26: 90.9091 | W26: 95.833333
A27: 7886002061 | B27: nader diab nashed | C27: 2490932 | D27: ADEL CENTER BANI SUE | E27: IH | F27: 90 | G27: 100 | H27: 100 | I27: 0 | J27: 100 | K27: 0 | L27: 0 | M27: 100 | N27: 15 | O27: 0 | P27: 100 | Q27: 100 | R27: 0 | S27: 100 | T27: 0 | W27: 15
A28: 7886002084 | B28: Mohamed Mahros | C28: 8351903 | D28: NANOTEC/ | E28: IH | F28: 75 | G28: 100 | H28: 100 | I28: 0 | J28: 97.2973 | K28: 0 | M28: 100 | N28: 115 | O28: 100 | P28: 100 | Q28: 100 | R28: 100 | S28: 1.1062 | T28: 0 | V28: 100 | W28: 100
A29: 7886002099 | B29: Karem Saied | C29: 8351903 | D29: NANOTEC/ | E29: IH | F29: 85 | G29: 100 | H29: 100 | I29: 0 | J29: 0 | K29: 0 | L29: 50 | M29: 100 | N29: 81.25 | O29: 85.714286 | P29: 100 | Q29: 100 | R29: 0 | S29: 100 | T29: 100 | W29: 81.25
A30: 7886002136 | B30: Ahmed Salem | C30: 1390788 | D30: ATS BE - GREAT CAIRO | E30: IH | F30: 85 | G30: 100 | H30: 100 | I30: 0 | J30: 0 | K30: 20 | L30: 50 | M30: 100 | N30: 81.25 | O30: 100 | P30: 100 | Q30: 100 | R30: 0 | S30: 100 | T30: 100 | W30: 81.25
A31: 7886002144 | B31: Shady ElShayeb | C31: 9390474 | D31: EGYPTIAN MICRO SOLUT | E31: IH | F31: 95 | G31: 100 | H31: 100 | I31: 0 | J31: 0 | K31: 0 | L31: 100 | M31: 100 | N31: 37.5 | O31: 0 | P31: 100 | Q31: 100 | R31: 0 | S31: 100 | T31: 0 | W31: 37.5
A32: 7886002215 | B32: Karem Gamal | C32: 8351903 | D32: NANOTEC/ | E32: IH | F32: 75 | G32: 100 | H32: 100 | I32: 0 | J32: 97.5 | K32: 0 | M32: 100 | N32: 109.03409 | O32: 87.5 | P32: 100 | Q32: 100 | R32: 68.1818 | S32: 0.6637 | T32: 0 | V32: 100 | W32: 94.034091
A33: 7886002230 | B33: said.abdelraman1 | C33: 9372701 | D33: RAYA GIZA (HA)/ | E33: PR | F33: 25 | G33: 0 | H33: 0 | I33: 0 | J33: 0 | K33: 5.8824 | L33: 0 | M33: 100 | N33: 61.160714 | O33: 88.888889 | P33: 0 | Q33: 100 | R33: 0 | S33: 100 | T33: 92.8571 | V33: 0 | W33: 61.160714
A34: 7886002234 | B34: Khalid Mohammed | C34: 4162738 | D34: ELECTRA/ | E34: IH | F34: 70.588235 | G34: 100 | H34: 100 | I34: 0 | J34: 60 | K34: 0 | M34: 100 | N34: 32.5 | O34: 95.833333 | P34: 100 | Q34: 100 | R34: 0 | S34: 1.5487 | T34: 0 | V34: 0 | W34: 32.5
A35: 7886002272 | B35: Mohamed Shabban | C35: 1390788 | D35: ATS BE - GREAT CAIRO | E35: IH | F35: 60 | G35: 0 | H35: 100 | I35: 0 | J35: 0 | K35: 16 | L35: 100 | M35: 100 | N35: 78.229167 | O35: 65.217391 | P35: 100 | Q35: 100 | R35: 0 | S35: 100 | T35: 97.2222 | W35: 78.229167
A36: 7886002273 | B36: Ahmadbhaa | C36: 9203497 | D36: U TECH FOR SERVICE & | E36: IH | F36: 75 | G36: 100 | H36: 100 | I36: 0 | J36: 0 | K36: 0 | M36: 100 | N36: 15 | O36: 0 | P36: 100 | Q36: 100 | R36: 0 | S36: 100 | T36: 0 | W36: 15
A37: 7886002310 | B37: samir1saeed | C37: 2451952 | D37: U TECH SUEZ/BUILDING | E37: IH | F37: 73.235294 | G37: 100 | H37: 0 | I37: 0 | J37: 75 | K37: 0 | M37: 100 | N37: 15 | O37: 0 | P37: 100 | Q37: 100 | R37: 0 | S37: 100 | T37: 0 | W37: 15
A38: 7886002360 | B38: Osama Farouk | C38: 1390788 | D38: ATS BE - GREAT CAIRO | E38: PR | F38: 85 | G38: 100 | H38: 100 | I38: 0 | J38: 0 | K38: 0 | L38: 50 | M38: 100 | N38: 33.75 | O38: -66.666667 | P38: 100 | Q38: 100 | R38: 0 | S38: 100 | T38: 100 | W38: 33.75
A39: 7886002371 | B39: islam.emad01 | C39: 8215895 | D39: RAYA CAIRO/ | E39: IH | F39: 35 | G39: 0 | H39: 0 | I39: 0 | J39: 0 | K39: 0 | L39: 50 | M39: 100 | N39: 79.545455 | O39: 100 | P39: 100 | Q39: 100 | R39: 0 | S39: 100 | T39: 90.9091 | W39: 79.545455
A40: 7886002380 | B40: Mohamed.farouk01 | C40: 8215895 | D40: RAYA CAIRO/ | E40: IH | F40: 25 | G40: 0 | H40: 0 | I40: 0 | J40: 0 | K40: 0 | L40: 0 | M40: 100 | N40: 56.25 | O40: 50 | P40: 100 | Q40: 100 | R40: 0 | S40: 100 | T40: 100 | W40: 56.25
A41: 7886002383 | B41: Ahmed Hassan | C41: 2278119 | D41: RAYA - MANSOURA/ | E41: IH | F41: 25 | G41: 0 | H41: 0 | I41: 0 | J41: 0 | K41: 8.6957 | L41: 0 | M41: 100 | N41: 81.25 | O41: 100 | P41: 100 | Q41: 100 | R41: 0 | S41: 100 | T41: 100 | W41: 81.25
A42: 7886002384 | B42: Khaled Yehia | C42: 3489862 | D42: RAYA - GHARBEYA/ | E42: IH | F42: 25 | G42: 0 | H42: 0 | I42: 0 | J42: 0 | K42: 2.0833 | L42: 0 | M42: 100 | N42: 81.25 | O42: 79.166667 | P42: 100 | Q42: 100 | R42: 0 | S42: 100 | T42: 100 | W42: 81.25
A43: 7886002385 | B43: mohamed.metwely01 | C43: 3489862 | D43: RAYA - GHARBEYA/ | E43: IH | F43: 45 | G43: 0 | H43: 0 | I43: 0 | J43: 0 | K43: 0 | L43: 100 | M43: 100 | N43: 22.5 | O43: 0 | P43: 100 | Q43: 100 | R43: 0 | S43: 100 | T43: 0 | W43: 22.5
A44: 7886002386 | B44: Mostafa Attia | C44: 2278119 | D44: RAYA - MANSOURA/ | E44: IH | F44: 75 | G44: 100 | H44: 100 | I44: 0 | J44: 0 | K44: 12.8205 | L44: 0 | M44: 100 | N44: 81.25 | O44: 100 | P44: 100 | Q44: 100 | R44: 0 | S44: 100 | T44: 100 | W44: 81.25
A45: 7886002401 | B45: Mohamed Hussein 2022 | C45: 2226596 | D45: TO CONNECT - NAG HAM | E45: IH | F45: 75 | G45: 100 | H45: 100 | I45: 0 | J45: 0 | K45: 0 | L45: 0 | M45: 100 | N45: 15 | O45: 0 | P45: 100 | Q45: 100 | R45: 0 | S45: 100 | T45: 0 | W45: 15
A46: 7886002410 | B46: Soltan Salaheldin | C46: 1390788 | D46: ATS BE - GREAT CAIRO | E46: PR | F46: 85 | G46: 100 | H46: 100 | I46: 0 | J46: 0 | K46: 0 | L46: 50 | M46: 100 | N46: 37.5 | O46: 55.555556 | P46: 100 | Q46: 100 | R46: 0 | S46: 100 | T46: 0 | W46: 37.5
A47: 7886002429 | B47: Mohamed Eldory | C47: 9372701 | D47: RAYA GIZA (HA)/ | E47: PR | F47: 80 | G47: 100 | H47: 100 | I47: 33.3 | J47: 100 | K47: 0 | M47: 100 | N47: 67.5 | O47: 0 | P47: 100 | Q47: 100 | R47: 0 | S47: 0.4425 | T47: 0 | V47: 75 | W47: 56.25
A48: 7886002432 | B48: Shawky Zag | C48: 9203499 | D48: HI TECH FOR MAINTENA | E48: IH | F48: 85 | G48: 100 | H48: 100 | I48: 66.7 | J48: 85.7143 | K48: 0 | M48: 100 | N48: 68.75 | O48: -100 | P48: 100 | Q48: 100 | R48: 0 | S48: 0.885 | T48: 0 | V48: 83.3333 | W48: 56.25
A49: 7886002436 | B49: Ahmed Elaraby | C49: 5189455 | D49: AHMED EL SAYED ABDO | E49: IH | F49: 74.743112 | G49: 100 | H49: 0 | I49: 0 | J49: 83.5443 | K49: 5.0847 | L49: 0 | M49: 100 | N49: 87.711268 | O49: 81.818182 | P49: 0 | Q49: 100 | R49: 100 | S49: 4.4248 | T49: 100 | V49: 1.4085 | W49: 87.5
A50: 7886002439 | B50: karem Elbathe | C50: 9203497 | D50: U TECH FOR SERVICE & | E50: IH | F50: 75 | G50: 100 | H50: 0 | I50: 0 | J50: 86.4407 | K50: 1.5152 | M50: 100 | N50: 94.204545 | O50: 84.615385 | P50: 0 | Q50: 100 | R50: 0 | S50: 0.6637 | T50: 100 | V50: 86.3636 | W50: 81.25
A51: 7886002452 | B51: 7886002452 | C51: 9203497 | D51: U TECH FOR SERVICE & | E51: IH | F51: 75 | G51: 100 | H51: 0 | I51: 0 | J51: 100 | K51: 16.6667 | M51: 100 | N51: 15 | O51: 0 | P51: 100 | Q51: 100 | R51: 0 | S51: 100 | T51: 0 | W51: 15
A52: 7886002470 | B52: omar wadye | C52: 9203497 | D52: U TECH FOR SERVICE & | E52: IH | F52: 90 | G52: 100 | H52: 100 | I52: 0 | J52: 100 | K52: 0 | M52: 100 | N52: 15 | O52: 0 | P52: 100 | Q52: 100 | R52: 0 | S52: 100 | T52: 0 | W52: 15
A53: 7886002481 | B53: RABAH SALAH | C53: 8398383 | D53: EL MOHANDES SERVICE | E53: IH | F53: 10 | G53: 0 | H53: 0 | I53: 0 | J53: 0 | K53: 0 | M53: 100 | N53: 56.25 | O53: 50 | P53: 100 | Q53: 100 | R53: 0 | S53: 1.1062 | T53: 0 | V53: 0 | W53: 56.25
A54: 7886002484 | B54: TaherFarghaly1 | C54: 5797728 | D54: ELECTRA GIZA/ | E54: IH | F54: 72.867647 | G54: 100 | H54: 100 | I54: 0 | J54: 72.9167 | K54: 0 | M54: 100 | N54: 54.21875 | O54: 37.5 | P54: 100 | Q54: 100 | R54: 0 | S54: 3.3186 | T54: 0 | V54: 28.125 | W54: 50
A55: 7886002485 | B55: Haniy Hassan | C55: 5797728 | D55: ELECTRA GIZA/ | E55: IH | F55: 74.117647 | G55: 100 | H55: 100 | I55: 0 | J55: 80 | K55: 0 | M55: 100 | N55: 97.5 | O55: 88.461538 | P55: 100 | Q55: 100 | R55: 100 | S55: 3.0973 | T55: 0 | V55: 25 | W55: 93.75
A56: 7886002486 | B56: TareK Abu AlKhair | C56: 5797728 | D56: ELECTRA GIZA/ | E56: CI | F56: 60 | G56: 100 | H56: 100 | I56: 0 | J56: 0 | K56: 0 | M56: 100 | N56: 15 | O56: -100 | P56: 100 | Q56: 100 | R56: 0 | S56: 100 | T56: 0 | W56: 15
A57: 7886002489 | B57: MohamedShamroukh | C57: 5797728 | D57: ELECTRA GIZA/ | E57: IH | F57: 75 | G57: 100 | H57: 100 | I57: 0 | J57: 100 | K57: 0 | M57: 100 | N57: 15 | O57: 0 | P57: 100 | Q57: 100 | R57: 0 | S57: 100 | T57: 0 | W57: 15
A58: 7886002491 | B58: Wael Hassan | C58: 5797728 | D58: ELECTRA GIZA/ | E58: IH | F58: 90 | G58: 100 | H58: 100 | I58: 100 | J58: 92.3077 | K58: 0 | M58: 100 | N58: 74.772727 | O58: 80 | P58: 100 | Q58: 100 | R58: 0 | S58: 100 | T58: 0 | V58: 81.8182 | W58: 62.5
A59: 7886002493 | B59: Mahmoud Khamis | C59: 5797728 | D59: ELECTRA GIZA/ | E59: IH | F59: 75 | G59: 100 | H59: 100 | I59: 0 | J59: 87.5 | K59: 0 | M59: 100 | N59: 65 | O59: 100 | P59: 100 | Q59: 100 | R59: 0 | S59: 100 | T59: 0 | V59: 16.6667 | W59: 62.5
A60: 7886002500 | B60: Sayed Shehab | C60: 5797729 | D60: TECH VALLEY MANSOURA | E60: IH | F60: 75 | G60: 100 | H60: 100 | I60: 0 | J60: 100 | K60: 0 | M60: 100 | N60: 71.25 | O60: 0 | P60: 100 | Q60: 100 | R60: 0 | S60: 0.4425 | T60: 0 | V60: 100 | W60: 56.25
A61: 7886002501 | B61: Ahmed Ahmed AbuAlmaati | C61: 5797729 | D61: TECH VALLEY MANSOURA | E61: IH | F61: 75 | G61: 100 | H61: 100 | I61: 0 | J61: 100 | K61: 0 | M61: 100 | N61: 90 | O61: 100 | P61: 100 | Q61: 100 | R61: 0 | S61: 2.4336 | T61: 0 | V61: 100 | W61: 75
A62: 7886002502 | B62: Mustafa Awdi | C62: 5797729 | D62: TECH VALLEY MANSOURA | E62: IH | F62: 75 | G62: 100 | H62: 100 | I62: 0 | J62: 100 | K62: 0 | M62: 100 | N62: 71.25 | O62: 50 | P62: 100 | Q62: 100 | R62: 0 | S62: 1.7699 | T62: 0 | V62: 100 | W62: 56.25
A63: 7886002503 | B63: HassanMohamed77 | C63: 5797729 | D63: TECH VALLEY MANSOURA | E63: IH | F63: 75 | G63: 100 | H63: 100 | I63: 0 | J63: 100 | K63: 0 | M63: 100 | N63: 53.25 | O63: -100 | P63: 100 | Q63: 100 | R63: 40 | S63: 0.4425 | T63: 0 | V63: 100 | W63: 38.25
A64: 7886002504 | B64: Hosnimohamed77 | C64: 5797729 | D64: TECH VALLEY MANSOURA | E64: CI | F64: 60 | G64: 100 | H64: 0 | I64: 0 | J64: 100 | K64: 0 | M64: 100 | N64: 48.75 | O64: 0 | P64: 100 | Q64: 100 | R64: 0 | S64: 0.2212 | T64: 0 | V64: 100 | W64: 33.75
A65: 7886002507 | B65: Mohamed uasef | C65: 2227239 | D65: EL MOHANDES - HURGHA | E65: IH | F65: 25 | G65: 0 | H65: 0 | I65: 0 | J65: 0 | K65: 25 | L65: 0 | M65: 100 | N65: 56.25 | O65: 37.5 | P65: 0 | Q65: 100 | R65: 0 | S65: 0.2212 | T65: 100 | V65: 0 | W65: 56.25
A66: 7886002521 | B66: Mohamed Raslan | C66: 4969681 | D66: K-ELECTRONICS KAFR E | E66: IH | F66: 50 | G66: 0 | H66: 0 | I66: 0 | J66: 100 | K66: 3.4483 | L66: 50 | M66: 100 | N66: 115 | O66: 84.210526 | P66: 100 | Q66: 100 | R66: 0 | S66: 1.7699 | T66: 100 | V66: 100 | W66: 100
A67: 7886002522 | B67: Shady Moustafa | C67: 4969684 | D67: K-ELECTRONICS MARSA | E67: IH | F67: 110 | G67: 100 | H67: 100 | I67: 0 | J67: 100 | K67: 50 | L67: 100 | M67: 100 | N67: 133.75 | O67: 100 | P67: 100 | Q67: 100 | R67: 100 | S67: 0.4425 | T67: 100 | V67: 100 | W67: 118.75
A68: 7886002529 | B68: Ahmed Shaker | C68: 5933773 | D68: TIBA FOR TRADE AND M | E68: IH | F68: 110 | G68: 100 | H68: 100 | I68: 0 | J68: 100 | K68: 0 | L68: 100 | M68: 100 | N68: 115 | O68: 100 | P68: 100 | Q68: 100 | R68: 0 | S68: 1.7699 | T68: 100 | V68: 100 | W68: 100
A69: 7886002530 | B69: Mohamed Fawzy | C69: 4969681 | D69: K-ELECTRONICS KAFR E | E69: IH | F69: 40 | G69: 0 | H69: 0 | I69: 0 | J69: 100 | K69: 0 | M69: 100 | N69: 115 | O69: 71.428571 | P69: 100 | Q69: 100 | R69: 0 | S69: 1.5487 | T69: 100 | V69: 100 | W69: 100
A70: 7886002532 | B70: Emad Metry | C70: 4969685 | D70: K-ELECTRONICS ELIBRA | E70: IH | F70: 110 | G70: 100 | H70: 0 | I70: 100 | J70: 97.5 | K70: 12.5 | L70: 100 | M70: 100 | N70: 102.5 | O70: 57.142857 | P70: 100 | Q70: 100 | R70: 0 | S70: 3.3186 | T70: 100 | V70: 100 | W70: 87.5
A71: 7886002535 | B71: Mohamed Saleh | C71: 4969685 | D71: K-ELECTRONICS ELIBRA | E71: PR | F71: 100 | G71: 100 | H71: 100 | I71: 33.3 | J71: 0 | K71: 0 | L71: 100 | M71: 100 | N71: 60 | O71: 66.666667 | P71: 100 | Q71: 100 | R71: 0 | S71: 100 | T71: 0 | W71: 60
A72: 7886002538 | B72: Hatem Agamy | C72: 5797725 | D72: HI TECH TANTA/ | E72: IH | F72: 75 | G72: 100 | H72: 100 | I72: 0 | J72: 100 | K72: 0 | M72: 100 | N72: 72.857143 | O72: 0 | P72: 100 | Q72: 100 | R72: 28.5714 | S72: 1.5487 | T72: 0 | V72: 75 | W72: 61.607143
A73: 7886002539 | B73: Ahmed Hamouda | C73: 5797725 | D73: HI TECH TANTA/ | E73: IH | F73: 75 | G73: 100 | H73: 100 | I73: 0 | J73: 100 | K73: 0 | M73: 100 | N73: 71.25 | O73: 0 | P73: 100 | Q73: 100 | R73: 0 | S73: 1.1062 | T73: 0 | V73: 100 | W73: 56.25
A74: 7886002540 | B74: Ahmed Matar | C74: 5797725 | D74: HI TECH TANTA/ | E74: CI | F74: 75 | G74: 100 | H74: 100 | I74: 0 | J74: 100 | K74: 0 | M74: 100 | N74: 85.3125 | O74: 0 | P74: 100 | Q74: 100 | R74: 75 | S74: 0.2212 | T74: 0 | V74: 100 | W74: 70.3125
A75: 7886002542 | B75: 7886002542 | C75: 5797725 | D75: HI TECH TANTA/ | E75: IH | F75: 60 | G75: 100 | H75: 0 | I75: 0 | J75: 100 | K75: 0 | M75: 100 | N75: 92.5 | O75: 100 | P75: 100 | Q75: 100 | R75: 0 | S75: 1.9912 | T75: 0 | V75: 75 | W75: 81.25
A76: 7886002543 | B76: mohammedeldebeky | C76: 5797725 | D76: HI TECH TANTA/ | E76: IH | F76: 75 | G76: 100 | H76: 100 | I76: 0 | J76: 100 | K76: 0 | M76: 100 | N76: 77.5 | O76: 100 | P76: 100 | Q76: 100 | R76: 0 | S76: 100 | T76: 0 | V76: 100 | W76: 62.5
A77: 7886002544 | B77: Ahmed Agamy | C77: 5797725 | D77: HI TECH TANTA/ | E77: IH | F77: 75 | G77: 100 | H77: 100 | I77: 0 | J77: 100 | K77: 0 | M77: 100 | N77: 68.75 | O77: 0 | P77: 100 | Q77: 100 | R77: 0 | S77: 0.4425 | T77: 0 | V77: 83.3333 | W77: 56.25
A78: 7886002545 | B78: Adel Elbasuony | C78: 5797725 | D78: HI TECH TANTA/ | E78: IH | F78: 75 | G78: 100 | H78: 100 | I78: 0 | J78: 100 | K78: 0 | M78: 100 | N78: 79.125 | O78: 0 | P78: 100 | Q78: 100 | R78: 50 | S78: 1.9912 | T78: 0 | V78: 90 | W78: 65.625
A79: 7886002546 | B79: 7886002546 | C79: 5797727 | D79: HI TECH MENOFEYA/ | E79: IH | F79: 75 | G79: 100 | H79: 100 | I79: 0 | J79: 96.2963 | K79: 0 | M79: 100 | N79: 70.3125 | O79: 25 | P79: 100 | Q79: 100 | R79: 0 | S79: 0.2212 | T79: 0 | V79: 93.75 | W79: 56.25
A80: 7886002547 | B80: 7886002547 | C80: 5797727 | D80: HI TECH MENOFEYA/ | E80: IH | F80: 75 | G80: 100 | H80: 100 | I80: 0 | J80: 95.4545 | K80: 0 | M80: 100 | N80: 94.886364 | O80: 100 | P80: 100 | Q80: 100 | R80: 0 | S80: 1.7699 | T80: 0 | V80: 90.9091 | W80: 81.25
A81: 7886002548 | B81: 7886002548 | C81: 5797727 | D81: HI TECH MENOFEYA/ | E81: IH | F81: 75 | G81: 100 | H81: 100 | I81: 0 | J81: 88.8889 | K81: 0 | M81: 100 | N81: 96.25 | O81: 100 | P81: 100 | Q81: 100 | R81: 0 | S81: 0.4425 | T81: 0 | V81: 100 | W81: 81.25
A82: 7886002564 | B82: Dinaelsayed | C82: 9203501 | D82: RAMY EL TABIE ABDO G | E82: IH | F82: 75 | G82: 100 | H82: 0 | I82: 0 | J82: 100 | K82: 0 | L82: 0 | M82: 100 | N82: 33.75 | O82: 50 | P82: 100 | Q82: 100 | R82: 0 | S82: 100 | T82: 100 | W82: 33.75
A83: 7886002565 | B83: Mostafa Helaly | C83: 9203501 | D83: RAMY EL TABIE ABDO G | E83: IH | F83: 90 | G83: 100 | H83: 100 | I83: 0 | J83: 100 | K83: 0 | M83: 100 | N83: 71.25 | O83: 0 | P83: 100 | Q83: 100 | R83: 0 | S83: 0.2212 | T83: 0 | V83: 100 | W83: 56.25
A84: 7886002616 | B84: 7886002616 | C84: 5997121 | D84: ADEL CENTER EL FAYOU | E84: IH | F84: 75 | G84: 100 | H84: 100 | I84: 0 | J84: 100 | K84: 0 | M84: 100 | N84: 15 | O84: 0 | P84: 100 | Q84: 100 | R84: 0 | S84: 100 | T84: 0 | W84: 15
A85: 7886002641 | B85: Sameh Soliman | C85: 9203499 | D85: HI TECH FOR MAINTENA | E85: IH | F85: 75 | G85: 100 | H85: 100 | I85: 0 | J85: 0 | K85: 5.7143 | M85: 100 | N85: 56.25 | O85: 0 | P85: 100 | Q85: 100 | R85: 0 | S85: 100 | T85: 100 | W85: 56.25
A86: 7886002642 | B86: 7886002642 | C86: 9203499 | D86: HI TECH FOR MAINTENA | E86: IH | F86: 75 | G86: 100 | H86: 100 | I86: 0 | J86: 0 | K86: 0 | M86: 100 | N86: 47.5 | O86: 100 | P86: 100 | Q86: 100 | R86: 0 | S86: 0.4425 | T86: 0 | V86: 100 | W86: 32.5
A87: 7886002643 | B87: MahamedMagdy | C87: 5797725 | D87: HI TECH TANTA/ | E87: IH | F87: 75 | G87: 100 | H87: 100 | I87: 0 | J87: 100 | K87: 0 | M87: 100 | N87: 76.081731 | O87: 0 | P87: 100 | Q87: 100 | R87: 30.7692 | S87: 0.2212 | T87: 0 | V87: 93.75 | W87: 62.019231
A88: 7886002657 | B88: 7886002657 | C88: 9203499 | D88: HI TECH FOR MAINTENA | E88: IH | F88: 74.438503 | G88: 100 | H88: 100 | I88: 0 | J88: 81.8182 | K88: 0 | M88: 100 | N88: 65.892857 | O88: -100 | P88: 100 | Q88: 100 | R88: 0 | S88: 0.6637 | T88: 0 | V88: 64.2857 | W88: 56.25
A89: 7886002658 | B89: 7886002658 | C89: 9203497 | D89: U TECH FOR SERVICE & | E89: IH | F89: 40 | G89: 0 | H89: 0 | I89: 0 | J89: 85.7143 | K89: 0 | M89: 100 | N89: 63.75 | O89: 100 | P89: 100 | Q89: 100 | R89: 0 | S89: 100 | T89: 100 | V89: 100 | W89: 48.75
A90: 7886002660 | B90: 7886002660 | C90: 2490932 | D90: ADEL CENTER BANI SUE | E90: IH | F90: 75 | G90: 100 | H90: 100 | I90: 0 | J90: 0 | K90: 0 | M90: 100 | N90: 15 | O90: 0 | P90: 100 | Q90: 100 | R90: 0 | S90: 100 | T90: 0 | W90: 15
A91: 7886002661 | B91: 7886002661 | C91: 2490932 | D91: ADEL CENTER BANI SUE | E91: IH | F91: 90 | G91: 100 | H91: 100 | I91: 0 | J91: 100 | K91: 0 | M91: 100 | N91: 15 | O91: 0 | P91: 100 | Q91: 100 | R91: 0 | S91: 100 | T91: 0 | W91: 15
A92: 7886002666 | B92: mahmoudebraheem | C92: 9372701 | D92: RAYA GIZA (HA)/ | E92: PR | F92: 60 | G92: 100 | H92: 100 | I92: 0 | J92: 0 | K92: 0 | M92: 100 | N92: 22.5 | O92: 0 | P92: 100 | Q92: 100 | R92: 0 | S92: 0.2212 | T92: 0 | W92: 22.5
A93: 7886002667 | B93: 7886002667 | C93: 9203500 | D93: HI TECH FOR MAINTENA | E93: IH | F93: 40 | G93: 0 | H93: 0 | I93: 0 | J93: 88.8889 | K93: 8.3333 | M93: 100 | N93: 80.875 | O93: 15.384615 | P93: 100 | Q93: 100 | R93: 25 | S93: 2.2124 | T93: 91.6667 | V93: 60 | W93: 71.875
A94: 7886002670 | B94: 7886002670 | C94: 4162738 | D94: ELECTRA/ | E94: IH | F94: 75 | G94: 100 | H94: 100 | I94: 0 | J94: 0 | K94: 0 | M94: 100 | N94: 25 | O94: 100 | P94: 100 | Q94: 100 | R94: 0 | S94: 100 | T94: 0 | W94: 25
A95: 7886002672 | B95: ahmedrdwan | C95: 9372701 | D95: RAYA GIZA (HA)/ | E95: PR | F95: 75 | G95: 100 | H95: 100 | I95: 0 | J95: 100 | K95: 0 | M95: 100 | N95: 105.625 | O95: 100 | P95: 100 | Q95: 100 | R95: 50 | S95: 0.4425 | T95: 0 | V95: 100 | W95: 90.625
A96: 7886002673 | B96: mahmoudgaber | C96: 4970875 | D96: ELECTRA ASSUIT/ | E96: IH | F96: 90 | G96: 100 | H96: 100 | I96: 0 | J96: 100 | K96: 0 | L96: 0 | M96: 100 | N96: 37.5 | O96: 100 | P96: 100 | Q96: 100 | R96: 0 | S96: 100 | T96: 0 | W96: 37.5
A97: 7886002675 | B97: Mohamed Moheb | C97: 4970875 | D97: ELECTRA ASSUIT/ | E97: IH | F97: 75 | G97: 100 | H97: 100 | I97: 0 | J97: 0 | K97: 29.4118 | M97: 100 | N97: 81.25 | O97: 100 | P97: 100 | Q97: 100 | R97: 0 | S97: 100 | T97: 100 | W97: 81.25
A98: 7886002677 | B98: waleedesmaiel | C98: 4970875 | D98: ELECTRA ASSUIT/ | E98: IH | F98: 68.823529 | G98: 100 | H98: 100 | I98: 0 | J98: 50 | K98: 0 | M98: 100 | N98: 15 | O98: 0 | P98: 100 | Q98: 100 | R98: 0 | S98: 100 | T98: 0 | W98: 15
A99: 7886002681 | B99: 7886002681 | C99: 9203499 | D99: HI TECH FOR MAINTENA | E99: IH | F99: 75 | G99: 100 | H99: 100 | I99: 0 | J99: 100 | K99: 0 | M99: 100 | N99: 15 | O99: 0 | P99: 100 | Q99: 100 | R99: 0 | S99: 100 | T99: 0 | W99: 15
A100: 7886002682 | B100: 7886002682 | C100: 9203497 | D100: U TECH FOR SERVICE & | E100: IH | F100: 75 | G100: 100 | H100: 0 | I100: 0 | J100: 100 | K100: 40 | M100: 100 | N100: 103.48214 | O100: 100 | P100: 100 | Q100: 100 | R100: 50 | S100: 100 | T100: 100 | V100: 85.7143 | W100: 90.625
...

Sheet Summary
A1: Engineer Code | B1: Engineer Name | C1: Product | D1: Q1 Final Score | E1: Q2 Final Score | F1: Q3 Final Score | G1: Q4 Final Score | H1: Annual Average | I1: Best Quarter | J1: Worst Quarter | K1: Quarter Improvement | L1: Annual Rank
A2: 7086001106 | B2: Loay Elabasy | C2: AV | D2: =IF('Quarterly Results'!F2="","",'Quarterly Results'!F2) | E2: =IF('Quarterly Results'!N2="","",'Quarterly Results'!N2) | F2: =IF('Quarterly Results'!X2="","",'Quarterly Results'!X2) | G2: =IF('Quarterly Results'!AH2="","",'Quarterly Results'!AH2) | H2: =IFERROR(AVERAGEIF(D2:G2,">=0"),"") | I2: =IF(H2="","",IFERROR(INDEX({"Q1","Q2","Q3","Q4"},MATCH(MAX(D2:G2),D2:G2,0)),"")) | J2: =IF(H2="","",IFERROR(INDEX({"Q1","Q2","Q3","Q4"},MATCH(AGGREGATE(5,6,D2:G2),D2:G2,0)),"")) | K2: =IF(OR(D2="",E2=""),"",E2-D2) | L2: =IF(H2="","",RANK(H2,$H$2:$H$118,0))
A3: 7886000279 | B3: Mohamed said | C3: DA | D3: =IF('Quarterly Results'!F3="","",'Quarterly Results'!F3) | E3: =IF('Quarterly Results'!N3="","",'Quarterly Results'!N3) | F3: =IF('Quarterly Results'!X3="","",'Quarterly Results'!X3) | G3: =IF('Quarterly Results'!AH3="","",'Quarterly Results'!AH3) | H3: =IFERROR(AVERAGEIF(D3:G3,">=0"),"") | I3: =IF(H3="","",IFERROR(INDEX({"Q1","Q2","Q3","Q4"},MATCH(MAX(D3:G3),D3:G3,0)),"")) | J3: =IF(H3="","",IFERROR(INDEX({"Q1","Q2","Q3","Q4"},MATCH(AGGREGATE(5,6,D3:G3),D3:G3,0)),"")) | K3: =IF(OR(D3="",E3=""),"",E3-D3) | L3: =IF(H3="","",RANK(H3,$H$2:$H$118,0))
A4: 7886000378 | B4: Mohamed Abdelrahman | C4: DA | D4: =IF('Quarterly Results'!F4="","",'Quarterly Results'!F4) | E4: =IF('Quarterly Results'!N4="","",'Quarterly Results'!N4) | F4: =IF('Quarterly Results'!X4="","",'Quarterly Results'!X4) | G4: =IF('Quarterly Results'!AH4="","",'Quarterly Results'!AH4) | H4: =IFERROR(AVERAGEIF(D4:G4,">=0"),"") | I4: =IF(H4="","",IFERROR(INDEX({"Q1","Q2","Q3","Q4"},MATCH(MAX(D4:G4),D4:G4,0)),"")) | J4: =IF(H4="","",IFERROR(INDEX({"Q1","Q2","Q3","Q4"},MATCH(AGGREGATE(5,6,D4:G4),D4:G4,0)),"")) | K4: =IF(OR(D4="",E4=""),"",E4-D4) | L4: =IF(H4="","",RANK(H4,$H$2:$H$118,0))
A5: 7886000439 | B5: Mohamed Salah | C5: AV | D5: =IF('Quarterly Results'!F5="","",'Quarterly Results'!F5) | E5: =IF('Quarterly Results'!N5="","",'Quarterly Results'!N5) | F5: =IF('Quarterly Results'!X5="","",'Quarterly Results'!X5) | G5: =IF('Quarterly Results'!AH5="","",'Quarterly Results'!AH5) | H5: =IFERROR(AVERAGEIF(D5:G5,">=0"),"") | I5: =IF(H5="","",IFERROR(INDEX({"Q1","Q2","Q3","Q4"},MATCH(MAX(D5:G5),D5:G5,0)),"")) | J5: =IF(H5="","",IFERROR(INDEX({"Q1","Q2","Q3","Q4"},MATCH(AGGREGATE(5,6,D5:G5),D5:G5,0)),"")) | K5: =IF(OR(D5="",E5=""),"",E5-D5) | L5: =IF(H5="","",RANK(H5,$H$2:$H$118,0))
A6: 7886000482 | B6: 7886000482 | C6: AV | D6: =IF('Quarterly Results'!F6="","",'Quarterly Results'!F6) | E6: =IF('Quarterly Results'!N6="","",'Quarterly Results'!N6) | F6: =IF('Quarterly Results'!X6="","",'Quarterly Results'!X6) | G6: =IF('Quarterly Results'!AH6="","",'Quarterly Results'!AH6) | H6: =IFERROR(AVERAGEIF(D6:G6,">=0"),"") | I6: =IF(H6="","",IFERROR(INDEX({"Q1","Q2","Q3","Q4"},MATCH(MAX(D6:G6),D6:G6,0)),"")) | J6: =IF(H6="","",IFERROR(INDEX({"Q1","Q2","Q3","Q4"},MATCH(AGGREGATE(5,6,D6:G6),D6:G6,0)),"")) | K6: =IF(OR(D6="",E6=""),"",E6-D6) | L6: =IF(H6="","",RANK(H6,$H$2:$H$118,0))
A7: 7886000561 | B7: islam.2ct | C7: DA | D7: =IF('Quarterly Results'!F7="","",'Quarterly Results'!F7) | E7: =IF('Quarterly Results'!N7="","",'Quarterly Results'!N7) | F7: =IF('Quarterly Results'!X7="","",'Quarterly Results'!X7) | G7: =IF('Quarterly Results'!AH7="","",'Quarterly Results'!AH7) | H7: =IFERROR(AVERAGEIF(D7:G7,">=0"),"") | I7: =IF(H7="","",IFERROR(INDEX({"Q1","Q2","Q3","Q4"},MATCH(MAX(D7:G7),D7:G7,0)),"")) | J7: =IF(H7="","",IFERROR(INDEX({"Q1","Q2","Q3","Q4"},MATCH(AGGREGATE(5,6,D7:G7),D7:G7,0)),"")) | K7: =IF(OR(D7="",E7=""),"",E7-D7) | L7: =IF(H7="","",RANK(H7,$H$2:$H$118,0))
A8: 7886000617 | B8: 7886000617 | C8: AV | D8: =IF('Quarterly Results'!F8="","",'Quarterly Results'!F8) | E8: =IF('Quarterly Results'!N8="","",'Quarterly Results'!N8) | F8: =IF('Quarterly Results'!X8="","",'Quarterly Results'!X8) | G8: =IF('Quarterly Results'!AH8="","",'Quarterly Results'!AH8) | H8: =IFERROR(AVERAGEIF(D8:G8,">=0"),"") | I8: =IF(H8="","",IFERROR(INDEX({"Q1","Q2","Q3","Q4"},MATCH(MAX(D8:G8),D8:G8,0)),"")) | J8: =IF(H8="","",IFERROR(INDEX({"Q1","Q2","Q3","Q4"},MATCH(AGGREGATE(5,6,D8:G8),D8:G8,0)),"")) | K8: =IF(OR(D8="",E8=""),"",E8-D8) | L8: =IF(H8="","",RANK(H8,$H$2:$H$118,0))
A9: 7886000632 | B9: Mohamed Ahmed | C9: AV | D9: =IF('Quarterly Results'!F9="","",'Quarterly Results'!F9) | E9: =IF('Quarterly Results'!N9="","",'Quarterly Results'!N9) | F9: =IF('Quarterly Results'!X9="","",'Quarterly Results'!X9) | G9: =IF('Quarterly Results'!AH9="","",'Quarterly Results'!AH9) | H9: =IFERROR(AVERAGEIF(D9:G9,">=0"),"") | I9: =IF(H9="","",IFERROR(INDEX({"Q1","Q2","Q3","Q4"},MATCH(MAX(D9:G9),D9:G9,0)),"")) | J9: =IF(H9="","",IFERROR(INDEX({"Q1","Q2","Q3","Q4"},MATCH(AGGREGATE(5,6,D9:G9),D9:G9,0)),"")) | K9: =IF(OR(D9="",E9=""),"",E9-D9) | L9: =IF(H9="","",RANK(H9,$H$2:$H$118,0))
A10: 7886000657 | B10: KABDELMSEH2000 | C10: AV | D10: =IF('Quarterly Results'!F10="","",'Quarterly Results'!F10) | E10: =IF('Quarterly Results'!N10="","",'Quarterly Results'!N10) | F10: =IF('Quarterly Results'!X10="","",'Quarterly Results'!X10) | G10: =IF('Quarterly Results'!AH10="","",'Quarterly Results'!AH10) | H10: =IFERROR(AVERAGEIF(D10:G10,">=0"),"") | I10: =IF(H10="","",IFERROR(INDEX({"Q1","Q2","Q3","Q4"},MATCH(MAX(D10:G10),D10:G10,0)),"")) | J10: =IF(H10="","",IFERROR(INDEX({"Q1","Q2","Q3","Q4"},MATCH(AGGREGATE(5,6,D10:G10),D10:G10,0)),"")) | K10: =IF(OR(D10="",E10=""),"",E10-D10) | L10: =IF(H10="","",RANK(H10,$H$2:$H$118,0))
A11: 7886000680 | B11: MICHAEL ADEL MALAK | C11: AV+DA | D11: =IF('Quarterly Results'!F11="","",'Quarterly Results'!F11) | E11: =IF('Quarterly Results'!N11="","",'Quarterly Results'!N11) | F11: =IF('Quarterly Results'!X11="","",'Quarterly Results'!X11) | G11: =IF('Quarterly Results'!AH11="","",'Quarterly Results'!AH11) | H11: =IFERROR(AVERAGEIF(D11:G11,">=0"),"") | I11: =IF(H11="","",IFERROR(INDEX({"Q1","Q2","Q3","Q4"},MATCH(MAX(D11:G11),D11:G11,0)),"")) | J11: =IF(H11="","",IFERROR(INDEX({"Q1","Q2","Q3","Q4"},MATCH(AGGREGATE(5,6,D11:G11),D11:G11,0)),"")) | K11: =IF(OR(D11="",E11=""),"",E11-D11) | L11: =IF(H11="","",RANK(H11,$H$2:$H$118,0))
A12: 7886000751 | B12: Mohamed Hassan | C12: DA | D12: =IF('Quarterly Results'!F12="","",'Quarterly Results'!F12) | E12: =IF('Quarterly Results'!N12="","",'Quarterly Results'!N12) | F12: =IF('Quarterly Results'!X12="","",'Quarterly Results'!X12) | G12: =IF('Quarterly Results'!AH12="","",'Quarterly Results'!AH12) | H12: =IFERROR(AVERAGEIF(D12:G12,">=0"),"") | I12: =IF(H12="","",IFERROR(INDEX({"Q1","Q2","Q3","Q4"},MATCH(MAX(D12:G12),D12:G12,0)),"")) | J12: =IF(H12="","",IFERROR(INDEX({"Q1","Q2","Q3","Q4"},MATCH(AGGREGATE(5,6,D12:G12),D12:G12,0)),"")) | K12: =IF(OR(D12="",E12=""),"",E12-D12) | L12: =IF(H12="","",RANK(H12,$H$2:$H$118,0))
A13: 7886000919 | B13: Mohamed Hussein | C13: AV | D13: =IF('Quarterly Results'!F13="","",'Quarterly Results'!F13) | E13: =IF('Quarterly Results'!N13="","",'Quarterly Results'!N13) | F13: =IF('Quarterly Results'!X13="","",'Quarterly Results'!X13) | G13: =IF('Quarterly Results'!AH13="","",'Quarterly Results'!AH13) | H13: =IFERROR(AVERAGEIF(D13:G13,">=0"),"") | I13: =IF(H13="","",IFERROR(INDEX({"Q1","Q2","Q3","Q4"},MATCH(MAX(D13:G13),D13:G13,0)),"")) | J13: =IF(H13="","",IFERROR(INDEX({"Q1","Q2","Q3","Q4"},MATCH(AGGREGATE(5,6,D13:G13),D13:G13,0)),"")) | K13: =IF(OR(D13="",E13=""),"",E13-D13) | L13: =IF(H13="","",RANK(H13,$H$2:$H$118,0))
... A118: 7886002844 | B118: Mohamed Abdelmoneem | C118: AV+DA | D118: =IF('Quarterly Results'!F118="","",'Quarterly Results'!F118) | E118: =IF('Quarterly Results'!N118="","",'Quarterly Results'!N118) | F118: =IF('Quarterly Results'!X118="","",'Quarterly Results'!X118) | G118: =IF('Quarterly Results'!AH118="","",'Quarterly Results'!AH118) | H118: =IFERROR(AVERAGEIF(D118:G118,">=0"),"") | I118: =IF(H118="","",IFERROR(INDEX({"Q1","Q2","Q3","Q4"},MATCH(MAX(D118:G118),D118:G118,0)),"")) | J118: =IF(H118="","",IFERROR(INDEX({"Q1","Q2","Q3","Q4"},MATCH(AGGREGATE(5,6,D118:G118),D118:G118,0)),"")) | K118: =IF(OR(D118="",E118=""),"",E118-D118) | L118: =IF(H118="","",RANK(H118,$H$2:$H$118,0))

Sheet ReadMe
A1: DA-AV Engineer Performance Master 2026
A3: Primary key | B3: Engineer Code (numeric SBA engineer id)
A4: Source preserved | B4: SRC Q1 2026 winners / SRC Q2 Engineer Eval (untouched copies)
A5: App sheets | B5: Engineers · Quarterly Results · Summary
A6: Q1 KPIs | B6: Q1 Final Score | Q1 SSR | Q1 REDO | Q1 Chatbot | Q1 HASS | Q1 Acc Core Parts | Q1 Training Attendance | Q1 Linkage Ratio
A7: Q2 KPIs | B7: Q2 Final Score | Q2 RNPS | Q2 REDO | Q2 Training Attendance | Q2 ST Con | Q2 MJ % | Q2 Complete Repair | Q2 Kahoot | Q2 HASS | Q2 Repair Volume
A8: Future | B8: Fill Q3 / Q4 Final Score + KPI columns — no structural redesign needed
A9: Product | B9: HA → DA, AV → AV, AV + HA → AV+DA (Product column on Engineers)
A10: Scores | B10: Existing finals may exceed 100 due to bonuses; validation allows 0–200
A11: Generated | B11: 2026-07-30T04:03:16.473Z
